comment_id,comment_text,account_age_days,posting_frequency_per_min,similarity_to_trending,engagement_rate,is_it_cell,cleaned_text,scaled_age,scaled_frequency,scaled_similarity
C0001,I absolutely love this new update! The UI looks clean and crisp. 👍,998,0.46,0.215,19.62,0,i absolutely love this new update the ui looks clean and crisp,0.532017075773746,-0.9386824640202326,0.215
C0002,Can someone explain how to solve the 3rd question in the ML assignment? !!,706,0.43,0.308,15.84,0,can someone explain how to solve the rd question in the ml assignment,0.3762006403415155,-0.9434088824960231,0.308
C0003,The customer service was really helpful and sorted my issue in 5 minutes.,612,0.66,0.104,9.67,0,the customer service was really helpful and sorted my issue in minutes,0.3260405549626468,-0.907173007514963,0.104
C0004,"Honestly, I think the movie was slightly overrated, but the acting was top tier.",896,0.05,0.0,9.19,0,honestly i think the movie was slightly overrated but the acting was top tier,0.47758804695837787,-1.0032768498560352,0.0
C0005,Struggling with coding errors all day... need a break lol.,394,0.59,0.059,4.94,0,struggling with coding errors all day need a break lol,0.2097118463180363,-0.9182013172918074,0.059
C0006,CLICK HERE TO EARN $500 DAILY WORKING FROM HOME! 100% REAL LINK IN BIO!!!,19,9.48,0.872,35.43,1,click here to earn daily working from home real link in bio,0.0096051227321238,0.4823940243674243,0.872
C0007,SUPPORT #LEADER2026 NOW! SHARE THIS MESSAGE TO 10 GROUPS NOW!!! #MUSTWATCH,2,13.58,0.662,39.98,1,support #leader now share this message to groups now #mustwatch,0.0005336179295624333,1.12833788272545,0.662
C0008,AMAZING OFFER! GET FREE CRYPTO NOW! CLICK LINK BELOW!!!,3,9.6,0.914,29.72,1,amazing offer get free crypto now click link below,0.0010672358591248669,0.5012996982705858,0.914
C0009,"I'm not sure if this is correct, but let's see how it goes.",545,0.19,0.134,9.33,0,im not sure if this is correct but lets see how it goes,0.29028815368196376,-0.9812202303023464,0.134
C0010,Does anyone know if the local train is running on schedule today?,797,0.43,0.189,5.67,0,does anyone know if the local train is running on schedule today,0.42475987193169695,-0.9434088824960231,0.189
C0011,THE TRUTH HAS BEEN EXPOSED! WATCH THIS VIDEO BEFORE IT GETS DELETED!!!,23,16.37,0.641,45.37,1,the truth has been exposed watch this video before it gets deleted,0.011739594450373533,1.5678948009739606,0.641
C0012,"Wow, that sunset is gorgeous! Thanks for sharing the photo.",1095,0.55,0.138,10.49,0,wow that sunset is gorgeous thanks for sharing the photo,0.5837780149413021,-0.9245032085928613,0.138
C0013,"Haha that is so funny, thanks for making my day!",208,0.28,0.104,17.29,0,haha that is so funny thanks for making my day,0.11045891141942371,-0.9670409748749751,0.104
C0014,Earn passive income easily. Sign up using code BOT999. Real cash! #ALERT,10,7.48,0.816,24.95,1,earn passive income easily sign up using code bot real cash #alert,0.0048025613660619,0.16729945931472875,0.816
C0015,"Wow, that sunset is gorgeous! Thanks for sharing the photo.",1155,0.77,0.225,10.96,0,wow that sunset is gorgeous thanks for sharing the photo,0.6157950907150481,-0.8898428064370647,0.225
C0016,"I'm not sure if this is correct, but let's see how it goes.",550,0.05,0.26,11.11,0,im not sure if this is correct but lets see how it goes,0.29295624332977593,-1.0032768498560352,0.26
C0017,What a great performance by the team. Very happy with the result.,635,0.85,0.06,16.17,0,what a great performance by the team very happy with the result,0.3383137673425827,-0.877239023834957,0.06
C0018,Does anyone know if the local train is running on schedule today?,918,0.19,0.142,16.86,0,does anyone know if the local train is running on schedule today,0.4893276414087514,-0.9812202303023464,0.142
C0019,"Worst brand ever! Total scam, do not buy their products! SCAMMER!!",25,15.18,0.796,46.39,1,worst brand ever total scam do not buy their products scammer,0.012806830309498399,1.3804135347676065,0.796
C0020,Just finished reading this book. Highly recommend it to everyone.,30,0.75,0.159,10.5,0,just finished reading this book highly recommend it to everyone,0.015474919957310564,-0.8929937520875917,0.159
C0021,The customer service was really helpful and sorted my issue in 5 minutes.,836,0.05,0.128,13.79,0,the customer service was really helpful and sorted my issue in minutes,0.44557097118463185,-1.0032768498560352,0.128
C0022,Can someone explain how to solve the 3rd question in the ML assignment?,1391,0.34,0.069,9.49,0,can someone explain how to solve the rd question in the ml assignment,0.7417289220917823,-0.9575881379233944,0.069
C0023,This channel is biased and spreading fake propaganda. Ban them! #JOINNOW,80,14.01,0.939,36.8,1,this channel is biased and spreading fake propaganda ban them #joinnow,0.04215581643543223,1.1960832142117794,0.939
C0024,Just finished reading this book. Highly recommend it to everyone.,925,0.91,0.168,10.45,0,just finished reading this book highly recommend it to everyone,0.4930629669156884,-0.867786186883376,0.168
C0025,Beautiful weather today. Going out for a cup of coffee. haha,1069,0.42,0.113,18.37,0,beautiful weather today going out for a cup of coffee haha,0.5699039487726788,-0.9449843553212864,0.113
C0026,Don't listen to this fake news! The truth is hidden by mainstream media!,60,10.83,0.801,28.37,1,dont listen to this fake news the truth is hidden by mainstream media,0.03148345784418356,0.6950828557779937,0.801
C0027,CLICK HERE TO EARN $500 DAILY WORKING FROM HOME! 100% REAL LINK IN BIO!!! #ALERT,17,10.42,0.765,31.56,1,click here to earn daily working from home real link in bio #alert,0.008537886872998933,0.6304884699421911,0.765
C0028,"Worst brand ever! Total scam, do not buy their products! SCAMMER!!",12,11.34,1.0,33.27,1,worst brand ever total scam do not buy their products scammer,0.005869797225186767,0.775431969866431,1.0
C0029,"Wow, that sunset is gorgeous! Thanks for sharing the photo.",903,0.48,0.0,11.87,0,wow that sunset is gorgeous thanks for sharing the photo,0.48132337246531487,-0.9355315183697057,0.0
C0030,This is completely fake! Stop spreading negative rumors immediately!,11,12.41,0.748,33.5,1,this is completely fake stop spreading negative rumors immediately,0.005336179295624333,0.9440075621696231,0.748
C0031,AMAZING OFFER! GET FREE CRYPTO NOW! CLICK LINK BELOW!!!,10,12.02,0.777,35.45,1,amazing offer get free crypto now click link below,0.0048025613660619,0.8825641219843474,0.777
C0032,Struggling with coding errors all day... need a break lol.,786,0.15,0.264,15.76,0,struggling with coding errors all day need a break lol,0.4188900747065102,-0.9875221216034004,0.264
C0033,What a great performance by the team. Very happy with the result.,1116,0.23,0.29,4.99,0,what a great performance by the team very happy with the result,0.5949839914621132,-0.9749183390012924,0.29
C0034,"I'm not sure if this is correct, but let's see how it goes.",1034,1.16,0.051,9.17,0,im not sure if this is correct but lets see how it goes,0.5512273212379937,-0.8283993662517891,0.051
C0035,Does anyone know if the local train is running on schedule today?,839,0.35,0.0,12.34,0,does anyone know if the local train is running on schedule today,0.44717182497331914,-0.9560126650981309,0.0
C0036,Follow my account for free premium tips and tricks. Guaranteed success!,32,14.15,0.69,40.64,1,follow my account for free premium tips and tricks guaranteed success,0.016542155816435433,1.2181398337654683,0.69
C0037,Just finished reading this book. Highly recommend it to everyone. !!,735,0.38,0.061,10.22,0,just finished reading this book highly recommend it to everyone,0.3916755602988261,-0.9512862466223404,0.061
C0038,SUPPORT #LEADER2026 NOW! SHARE THIS MESSAGE TO 10 GROUPS NOW!!! #MUSTWATCH,33,14.22,0.827,42.82,1,support #leader now share this message to groups now #mustwatch,0.017075773745997867,1.2291681435423127,0.827
C0039,This person is a traitor! Stop spreading lies about our great country!,23,10.7,0.775,26.28,1,this person is a traitor stop spreading lies about our great country,0.011739594450373533,0.6746017090495684,0.775
C0040,"Wow, that sunset is gorgeous! Thanks for sharing the photo. haha",1276,0.89,0.063,15.09,0,wow that sunset is gorgeous thanks for sharing the photo haha,0.6803628601921026,-0.870937132533903,0.063
C0041,Struggling with coding errors all day... need a break lol. haha,1286,0.57,0.235,12.87,0,struggling with coding errors all day need a break lol haha,0.6856990394877268,-0.9213522629423343,0.235
C0042,Can someone explain how to solve the 3rd question in the ML assignment?,313,0.81,0.283,15.67,0,can someone explain how to solve the rd question in the ml assignment,0.1664887940234792,-0.883540915136011,0.283
C0043,Struggling with coding errors all day... need a break lol. !!,418,0.27,0.037,15.85,0,struggling with coding errors all day need a break lol,0.2225186766275347,-0.9686164477002386,0.037
C0044,The customer service was really helpful and sorted my issue in 5 minutes.,1307,0.63,0.244,7.66,0,the customer service was really helpful and sorted my issue in minutes,0.6969050160085379,-0.9118994259907535,0.244
C0045,"Honestly, I think the movie was slightly overrated, but the acting was top tier. haha",858,0.09,0.073,16.39,0,honestly i think the movie was slightly overrated but the acting was top tier haha,0.4573105656350054,-0.9969749585549813,0.073
C0046,I absolutely love this new update! The UI looks clean and crisp.,704,0.86,0.204,25.67,0,i absolutely love this new update the ui looks clean and crisp,0.37513340448239063,-0.8756635510096934,0.204
C0047,"Honestly, I think the movie was slightly overrated, but the acting was top tier. 😊",837,0.08,0.147,7.18,0,honestly i think the movie was slightly overrated but the acting was top tier,0.44610458911419426,-0.9985504313802447,0.147
C0048,Can someone explain how to solve the 3rd question in the ML assignment?,1190,0.51,0.136,11.38,0,can someone explain how to solve the rd question in the ml assignment,0.6344717182497333,-0.9308050998939152,0.136
C0049,That match last night was insane! What a finish in the last minute.,1096,0.36,0.228,17.23,0,that match last night was insane what a finish in the last minute,0.5843116328708645,-0.9544371922728673,0.228
C0050,CLICK HERE TO EARN $500 DAILY WORKING FROM HOME! 100% REAL LINK IN BIO!!! #JOINNOW,12,10.63,0.826,27.24,1,click here to earn daily working from home real link in bio #joinnow,0.005869797225186767,0.6635733992727243,0.826
C0051,"Wow, that sunset is gorgeous! Thanks for sharing the photo.",869,0.62,0.062,12.77,0,wow that sunset is gorgeous thanks for sharing the photo,0.46318036286019215,-0.913474898816017,0.062
C0052,Boycott this movie! It hurts community sentiments! #BoycottTrending #ALERT,29,16.23,0.806,46.74,1,boycott this movie it hurts community sentiments #boycotttrending #alert,0.014941302027748132,1.5458381814202717,0.806
C0053,Beautiful weather today. Going out for a cup of coffee.,1226,0.21,0.288,16.53,0,beautiful weather today going out for a cup of coffee,0.6536819637139808,-0.9780692846518195,0.288
C0054,SUPPORT THIS LEADER FOR BETTER FUTURE! DO NOT TRUST THE OPPOSITION!! #Victory2026,50,9.58,0.862,38.01,1,support this leader for better future do not trust the opposition #victory,0.026147278548559232,0.498148752620059,0.862
C0055,The customer service was really helpful and sorted my issue in 5 minutes.,1028,0.84,0.245,15.26,0,the customer service was really helpful and sorted my issue in minutes,0.5480256136606191,-0.8788144966602205,0.245
C0056,"Wow, that sunset is gorgeous! Thanks for sharing the photo.",673,0.73,0.073,10.82,0,wow that sunset is gorgeous thanks for sharing the photo,0.3585912486659552,-0.8961446977381188,0.073
C0057,"Honestly, I think the movie was slightly overrated, but the acting was top tier. haha",605,0.52,0.381,2.66,0,honestly i think the movie was slightly overrated but the acting was top tier haha,0.3223052294557098,-0.9292296270686516,0.381
C0058,Struggling with coding errors all day... need a break lol.,1074,0.05,0.103,17.44,0,struggling with coding errors all day need a break lol,0.572572038420491,-1.0032768498560352,0.103
C0059,CLICK HERE TO EARN $500 DAILY WORKING FROM HOME! 100% REAL LINK IN BIO!!!,5,18.24,0.815,52.0,1,click here to earn daily working from home real link in bio,0.0021344717182497333,1.8625082192982305,0.815
C0060,CLICK HERE TO EARN $500 DAILY WORKING FROM HOME! 100% REAL LINK IN BIO!!! #ALERT,3,6.92,0.805,20.2,1,click here to earn daily working from home real link in bio #alert,0.0010672358591248669,0.07907298109997395,0.805
C0061,"Honestly, I think the movie was slightly overrated, but the acting was top tier.",1657,0.69,0.0,12.93,0,honestly i think the movie was slightly overrated but the acting was top tier,0.8836712913553896,-0.9024465890391725,0.0
C0062,AMAZING OFFER! GET FREE CRYPTO NOW! CLICK LINK BELOW!!!,48,10.22,0.6,25.83,1,amazing offer get free crypto now click link below,0.025080042689434368,0.5989790134369216,0.6
C0063,Earn passive income easily. Sign up using code BOT999. Real cash! #JOINNOW,6,18.65,0.743,49.37,1,earn passive income easily sign up using code bot real cash #joinnow,0.002668089647812167,1.927102605134033,0.743
C0064,I absolutely love this new update! The UI looks clean and crisp.,1506,0.62,0.024,16.59,0,i absolutely love this new update the ui looks clean and crisp,0.8030949839914622,-0.913474898816017,0.024
C0065,SUPPORT #LEADER2026 NOW! SHARE THIS MESSAGE TO 10 GROUPS NOW!!! #MUSTWATCH,93,13.51,0.998,30.14,1,support #leader now share this message to groups now #mustwatch,0.04909284951974387,1.1173095729486056,0.998
C0066,Beautiful weather today. Going out for a cup of coffee.,1537,0.28,0.022,10.81,0,beautiful weather today going out for a cup of coffee,0.8196371398078977,-0.9670409748749751,0.022
C0067,Does anyone know if the local train is running on schedule today?,1548,0.49,0.057,5.53,0,does anyone know if the local train is running on schedule today,0.8255069370330844,-0.9339560455444421,0.057
C0068,CLICK HERE TO EARN $500 DAILY WORKING FROM HOME! 100% REAL LINK IN BIO!!! #MUSTWATCH,18,11.58,0.996,28.76,1,click here to earn daily working from home real link in bio #mustwatch,0.009071504802561366,0.8132433176727545,0.996
C0069,SUPPORT #LEADER2026 NOW! SHARE THIS MESSAGE TO 10 GROUPS NOW!!! #JOINNOW,31,11.49,0.744,32.35,1,support #leader now share this message to groups now #joinnow,0.016008537886873,0.7990640622453833,0.744
C0070,I absolutely love this new update! The UI looks clean and crisp.,1739,0.62,0.241,10.99,0,i absolutely love this new update the ui looks clean and crisp,0.9274279615795091,-0.913474898816017,0.241
C0071,"Honestly, I think the movie was slightly overrated, but the acting was top tier. 👍",824,0.69,0.163,2.51,0,honestly i think the movie was slightly overrated but the acting was top tier,0.43916755602988267,-0.9024465890391725,0.163
C0072,Does anyone know if the local train is running on schedule today?,1312,0.32,0.361,15.43,0,does anyone know if the local train is running on schedule today,0.6995731056563501,-0.9607390835739212,0.361
C0073,What a great performance by the team. Very happy with the result.,828,0.63,0.139,9.57,0,what a great performance by the team very happy with the result,0.4413020277481324,-0.9118994259907535,0.139
C0074,Can someone explain how to solve the 3rd question in the ML assignment?,883,0.77,0.104,8.89,0,can someone explain how to solve the rd question in the ml assignment,0.4706510138740662,-0.8898428064370647,0.104
C0075,Don't listen to this fake news! The truth is hidden by mainstream media! #ALERT,36,10.58,0.908,30.57,1,dont listen to this fake news the truth is hidden by mainstream media #alert,0.018676627534685165,0.6556960351464067,0.908
C0076,This person is a traitor! Stop spreading lies about our great country! #JOINNOW,40,9.48,0.905,28.36,1,this person is a traitor stop spreading lies about our great country #joinnow,0.0208110992529349,0.4823940243674243,0.905
C0077,"Worst brand ever! Total scam, do not buy their products! SCAMMER!!",50,9.16,0.797,25.75,1,worst brand ever total scam do not buy their products scammer,0.026147278548559232,0.43197889395899297,0.797
C0078,I absolutely love this new update! The UI looks clean and crisp.,1311,0.32,0.205,10.99,0,i absolutely love this new update the ui looks clean and crisp,0.6990394877267877,-0.9607390835739212,0.205
C0079,"Wow, that sunset is gorgeous! Thanks for sharing the photo.",712,0.83,0.233,16.07,0,wow that sunset is gorgeous thanks for sharing the photo,0.3794023479188901,-0.8803899694854839,0.233
C0080,The customer service was really helpful and sorted my issue in 5 minutes.,1322,0.51,0.218,10.45,0,the customer service was really helpful and sorted my issue in minutes,0.7049092849519745,-0.9308050998939152,0.218
C0081,I absolutely love this new update! The UI looks clean and crisp. 😊,929,0.46,0.16,14.98,0,i absolutely love this new update the ui looks clean and crisp,0.49519743863393817,-0.9386824640202326,0.16
C0082,"Honestly, I think the movie was slightly overrated, but the acting was top tier.",472,1.13,0.049,5.93,0,honestly i think the movie was slightly overrated but the acting was top tier,0.25133404482390614,-0.8331257847275796,0.049
C0083,Does anyone know if the local train is running on schedule today?,1263,0.74,0.212,15.14,0,does anyone know if the local train is running on schedule today,0.6734258271077909,-0.8945692249128552,0.212
C0084,The customer service was really helpful and sorted my issue in 5 minutes.,795,0.23,0.158,8.61,0,the customer service was really helpful and sorted my issue in minutes,0.42369263607257207,-0.9749183390012924,0.158
C0085,Does anyone know if the local train is running on schedule today?,1190,0.46,0.067,10.39,0,does anyone know if the local train is running on schedule today,0.6344717182497333,-0.9386824640202326,0.067
C0086,This channel is biased and spreading fake propaganda. Ban them!,5,14.46,0.963,39.6,1,this channel is biased and spreading fake propaganda ban them,0.0021344717182497333,1.2669794913486363,0.963
C0087,CLICK HERE TO EARN $500 DAILY WORKING FROM HOME! 100% REAL LINK IN BIO!!!,52,12.82,0.743,35.15,1,click here to earn daily working from home real link in bio,0.0272145144076841,1.0086019480054258,0.743
C0088,Just finished reading this book. Highly recommend it to everyone.,220,0.08,0.078,10.93,0,just finished reading this book highly recommend it to everyone,0.1168623265741729,-0.9985504313802447,0.078
C0089,AMAZING OFFER! GET FREE CRYPTO NOW! CLICK LINK BELOW!!! #MUSTWATCH,46,3.85,0.988,11.42,1,amazing offer get free crypto now click link below #mustwatch,0.0240128068303095,-0.4045971762559136,0.988
C0090,"This recipe looks delicious, definitely trying it out this Sunday!",798,0.3,0.145,18.36,0,this recipe looks delicious definitely trying it out this sunday,0.42529348986125937,-0.9638900292244482,0.145
C0091,"Honestly, I think the movie was slightly overrated, but the acting was top tier.",1108,0.65,0.159,4.77,0,honestly i think the movie was slightly overrated but the acting was top tier,0.5907150480256137,-0.9087484803402265,0.159
C0092,"Worst brand ever! Total scam, do not buy their products! SCAMMER!! #MUSTWATCH",61,8.62,0.827,23.54,1,worst brand ever total scam do not buy their products scammer #mustwatch,0.032017075773746,0.346903361394765,0.827
C0093,"I don't agree with your opinion, but I appreciate the respectful debate here.",839,0.27,0.152,14.49,0,i dont agree with your opinion but i appreciate the respectful debate here,0.44717182497331914,-0.9686164477002386,0.152
C0094,Earn passive income easily. Sign up using code BOT999. Real cash!,30,10.27,1.0,32.78,1,earn passive income easily sign up using code bot real cash,0.015474919957310564,0.6068563775632388,1.0
C0095,THE TRUTH HAS BEEN EXPOSED! WATCH THIS VIDEO BEFORE IT GETS DELETED!!! #JOINNOW,70,19.26,1.0,47.23,1,the truth has been exposed watch this video before it gets deleted #joinnow,0.0368196371398079,2.0232064474751055,1.0
C0096,Just finished reading this book. Highly recommend it to everyone. haha,464,0.32,0.0,9.37,0,just finished reading this book highly recommend it to everyone haha,0.24706510138740662,-0.9607390835739212,0.0
C0097,"Haha that is so funny, thanks for making my day!",496,0.55,0.184,21.38,0,haha that is so funny thanks for making my day,0.2641408751334045,-0.9245032085928613,0.184
C0098,"Haha that is so funny, thanks for making my day!",1180,0.33,0.06,14.46,0,haha that is so funny thanks for making my day,0.6291355389541089,-0.9591636107486577,0.06
C0099,That match last night was insane! What a finish in the last minute.,271,1.05,0.268,9.65,0,that match last night was insane what a finish in the last minute,0.144076840981857,-0.8457295673296874,0.268
C0100,"Wow, that sunset is gorgeous! Thanks for sharing the photo.",114,0.91,0.139,18.19,0,wow that sunset is gorgeous thanks for sharing the photo,0.06029882604055497,-0.867786186883376,0.139
C0101,Follow my account for free premium tips and tricks. Guaranteed success!,17,11.57,0.793,33.85,1,follow my account for free premium tips and tricks guaranteed success,0.008537886872998933,0.8116678448474911,0.793
C0102,"Honestly, I think the movie was slightly overrated, but the acting was top tier.",920,0.95,0.181,10.43,0,honestly i think the movie was slightly overrated but the acting was top tier,0.49039487726787623,-0.8614842955823221,0.181
C0103,SUPPORT THIS LEADER FOR BETTER FUTURE! DO NOT TRUST THE OPPOSITION!! #Victory2026,5,5.6,0.814,20.29,1,support this leader for better future do not trust the opposition #victory,0.0021344717182497333,-0.12888943183480514,0.814
C0104,Just finished reading this book. Highly recommend it to everyone. 👍,1084,0.16,0.0,18.39,0,just finished reading this book highly recommend it to everyone,0.5779082177161153,-0.9859466487781369,0.0
C0105,Follow my account for free premium tips and tricks. Guaranteed success! #JOINNOW,4,12.97,1.0,37.57,1,follow my account for free premium tips and tricks guaranteed success #joinnow,0.0016008537886873,1.032234040384378,1.0
C0106,"Honestly, I think the movie was slightly overrated, but the acting was top tier.",1420,0.55,0.265,17.13,0,honestly i think the movie was slightly overrated but the acting was top tier,0.757203842049093,-0.9245032085928613,0.265
C0107,Struggling with coding errors all day... need a break lol.,866,0.19,0.123,19.45,0,struggling with coding errors all day need a break lol,0.46157950907150486,-0.9812202303023464,0.123
C0108,THE TRUTH HAS BEEN EXPOSED! WATCH THIS VIDEO BEFORE IT GETS DELETED!!!,8,15.51,0.927,38.1,1,the truth has been exposed watch this video before it gets deleted,0.0037353255069370334,1.432404138001301,0.927
C0109,"Worst brand ever! Total scam, do not buy their products! SCAMMER!!",15,15.54,0.784,43.7,1,worst brand ever total scam do not buy their products scammer,0.007470651013874066,1.4371305564770915,0.784
C0110,This channel is biased and spreading fake propaganda. Ban them! #MUSTWATCH,46,3.32,0.995,6.86,1,this channel is biased and spreading fake propaganda ban them #mustwatch,0.0240128068303095,-0.488097235994878,0.995
C0111,CLICK HERE TO EARN $500 DAILY WORKING FROM HOME! 100% REAL LINK IN BIO!!! #JOINNOW,60,11.94,0.896,31.01,1,click here to earn daily working from home real link in bio #joinnow,0.03148345784418356,0.8699603393822396,0.896
C0112,"I don't agree with your opinion, but I appreciate the respectful debate here. ...",134,0.5,0.19,17.61,0,i dont agree with your opinion but i appreciate the respectful debate here,0.07097118463180364,-0.9323805727191786,0.19
C0113,"Haha that is so funny, thanks for making my day! 👍",223,0.46,0.142,6.49,0,haha that is so funny thanks for making my day,0.1184631803628602,-0.9386824640202326,0.142
C0114,"Haha that is so funny, thanks for making my day!",995,0.72,0.121,22.28,0,haha that is so funny thanks for making my day,0.5304162219850588,-0.8977201705633822,0.121
C0115,"Wow, that sunset is gorgeous! Thanks for sharing the photo. ...",672,0.37,0.102,7.92,0,wow that sunset is gorgeous thanks for sharing the photo,0.3580576307363928,-0.9528617194476039,0.102
C0116,That match last night was insane! What a finish in the last minute.,576,0.07,0.131,12.29,0,that match last night was insane what a finish in the last minute,0.3068303094983992,-1.0001259042055082,0.131
C0117,Does anyone know if the local train is running on schedule today? ...,30,0.47,0.154,14.57,0,does anyone know if the local train is running on schedule today,0.015474919957310564,-0.9371069911949691,0.154
C0118,Beautiful weather today. Going out for a cup of coffee. ...,1281,0.76,0.088,8.32,0,beautiful weather today going out for a cup of coffee,0.6830309498399146,-0.8914182792623283,0.088
C0119,Don't listen to this fake news! The truth is hidden by mainstream media! #MUSTWATCH,8,14.32,0.767,33.49,1,dont listen to this fake news the truth is hidden by mainstream media #mustwatch,0.0037353255069370334,1.2449228717949474,0.767
C0120,I absolutely love this new update! The UI looks clean and crisp.,193,0.91,0.314,10.75,0,i absolutely love this new update the ui looks clean and crisp,0.1024546424759872,-0.867786186883376,0.314
C0121,AMAZING OFFER! GET FREE CRYPTO NOW! CLICK LINK BELOW!!!,2,15.41,0.681,43.51,1,amazing offer get free crypto now click link below,0.0005336179295624333,1.4166494097486666,0.681
C0122,"I'm not sure if this is correct, but let's see how it goes.",1187,0.21,0.158,19.62,0,im not sure if this is correct but lets see how it goes,0.6328708644610459,-0.9780692846518195,0.158
C0123,Unbelievable development! Best leader of all time! Truly visionary leadership! #JOINNOW,9,2.17,0.709,5.71,1,unbelievable development best leader of all time truly visionary leadership #joinnow,0.004268943436499467,-0.6692766109001779,0.709
C0124,SUPPORT THIS LEADER FOR BETTER FUTURE! DO NOT TRUST THE OPPOSITION!! #Victory2026,1,7.75,0.721,22.01,1,support this leader for better future do not trust the opposition #victory,0.0,0.2098372255968426,0.721
C0125,"Worst brand ever! Total scam, do not buy their products! SCAMMER!!",67,10.6,1.0,30.79,1,worst brand ever total scam do not buy their products scammer,0.0352187833511206,0.6588469807969336,1.0
C0126,SUPPORT THIS LEADER FOR BETTER FUTURE! DO NOT TRUST THE OPPOSITION!! #Victory2026,47,8.5,0.8,31.02,1,support this leader for better future do not trust the opposition #victory,0.024546424759871933,0.3279976874916034,0.8
C0127,AMAZING OFFER! GET FREE CRYPTO NOW! CLICK LINK BELOW!!! #ALERT,42,16.06,0.676,42.48,1,amazing offer get free crypto now click link below #alert,0.021878335112059766,1.5190551433907924,0.676
C0128,THE TRUTH HAS BEEN EXPOSED! WATCH THIS VIDEO BEFORE IT GETS DELETED!!! #MUSTWATCH,11,17.58,0.643,42.66,1,the truth has been exposed watch this video before it gets deleted #mustwatch,0.005336179295624333,1.758527012830841,0.643
C0129,This channel is biased and spreading fake propaganda. Ban them!,130,15.77,0.632,39.61,1,this channel is biased and spreading fake propaganda ban them,0.06883671291355391,1.4733664314581516,0.632
C0130,SUPPORT THIS LEADER FOR BETTER FUTURE! DO NOT TRUST THE OPPOSITION!! #Victory2026 #MUSTWATCH,4,10.17,0.725,29.08,1,support this leader for better future do not trust the opposition #victory #mustwatch,0.0016008537886873,0.5911016493106042,0.725
C0131,"I don't agree with your opinion, but I appreciate the respectful debate here.",634,0.25,0.095,1.0,0,i dont agree with your opinion but i appreciate the respectful debate here,0.3377801494130203,-0.9717673933507656,0.095
C0132,THE TRUTH HAS BEEN EXPOSED! WATCH THIS VIDEO BEFORE IT GETS DELETED!!!,122,14.74,0.771,33.03,1,the truth has been exposed watch this video before it gets deleted,0.06456776947705443,1.3110927304560134,0.771
C0133,"Wow, that sunset is gorgeous! Thanks for sharing the photo. !!",569,0.73,0.2,7.11,0,wow that sunset is gorgeous thanks for sharing the photo,0.3030949839914622,-0.8961446977381188,0.2
C0134,Unbelievable development! Best leader of all time! Truly visionary leadership!,80,20.17,0.994,54.22,1,unbelievable development best leader of all time truly visionary leadership,0.04215581643543223,2.166574474574082,0.994
C0135,This is completely fake! Stop spreading negative rumors immediately!,7,8.95,0.708,21.61,1,this is completely fake stop spreading negative rumors immediately,0.0032017075773746,0.3988939646284598,0.708
C0136,Beautiful weather today. Going out for a cup of coffee.,148,0.51,0.176,7.48,0,beautiful weather today going out for a cup of coffee,0.07844183564567771,-0.9308050998939152,0.176
C0137,Unbelievable development! Best leader of all time! Truly visionary leadership! #MUSTWATCH,11,7.44,0.832,31.4,1,unbelievable development best leader of all time truly visionary leadership #mustwatch,0.005336179295624333,0.16099756801367485,0.832
C0138,This person is a traitor! Stop spreading lies about our great country!,2,5.56,0.697,17.65,1,this person is a traitor stop spreading lies about our great country,0.0005336179295624333,-0.13519132313585905,0.697
C0139,That match last night was insane! What a finish in the last minute.,1202,0.33,0.234,6.35,0,that match last night was insane what a finish in the last minute,0.6408751334044824,-0.9591636107486577,0.234
C0140,SUPPORT #LEADER2026 NOW! SHARE THIS MESSAGE TO 10 GROUPS NOW!!!,43,9.11,1.0,20.31,1,support #leader now share this message to groups now,0.0224119530416222,0.42410152983267546,1.0
C0141,Boycott this movie! It hurts community sentiments! #BoycottTrending,80,7.87,0.845,18.86,1,boycott this movie it hurts community sentiments #boycotttrending,0.04215581643543223,0.22874289950000434,0.845
C0142,Struggling with coding errors all day... need a break lol.,834,0.45,0.267,13.27,0,struggling with coding errors all day need a break lol,0.44450373532550697,-0.940257936845496,0.267
C0143,Just finished reading this book. Highly recommend it to everyone.,935,0.38,0.101,9.84,0,just finished reading this book highly recommend it to everyone,0.49839914621131276,-0.9512862466223404,0.101
C0144,This is the best government in history. Clean sweep in next elections! #PropagandaCampaign #MUSTWATCH,6,14.17,0.924,33.5,1,this is the best government in history clean sweep in next elections #propagandacampaign #mustwatch,0.002668089647812167,1.2212907794159953,0.924
C0145,CLICK HERE TO EARN $500 DAILY WORKING FROM HOME! 100% REAL LINK IN BIO!!! #MUSTWATCH,63,13.44,0.944,34.23,1,click here to earn daily working from home real link in bio #mustwatch,0.033084311632870865,1.1062812631717613,0.944
C0146,I absolutely love this new update! The UI looks clean and crisp.,30,0.2,0.0,10.24,0,i absolutely love this new update the ui looks clean and crisp,0.015474919957310564,-0.9796447574770829,0.0
C0147,THE TRUTH HAS BEEN EXPOSED! WATCH THIS VIDEO BEFORE IT GETS DELETED!!! #MUSTWATCH,42,5.68,0.802,16.38,1,the truth has been exposed watch this video before it gets deleted #mustwatch,0.021878335112059766,-0.11628564923269731,0.802
C0148,This person is a traitor! Stop spreading lies about our great country! #JOINNOW,24,15.29,0.828,44.34,1,this person is a traitor stop spreading lies about our great country #joinnow,0.012273212379935967,1.3977437358455047,0.828
C0149,"Wow, that sunset is gorgeous! Thanks for sharing the photo.",208,0.84,0.184,9.92,0,wow that sunset is gorgeous thanks for sharing the photo,0.11045891141942371,-0.8788144966602205,0.184
C0150,This person is a traitor! Stop spreading lies about our great country!,30,15.86,0.81,41.69,1,this person is a traitor stop spreading lies about our great country,0.015474919957310564,1.487545686885523,0.81
C0151,"Haha that is so funny, thanks for making my day! 😊",961,0.17,0.068,19.55,0,haha that is so funny thanks for making my day,0.5122732123799361,-0.9843711759528734,0.068
C0152,CLICK HERE TO EARN $500 DAILY WORKING FROM HOME! 100% REAL LINK IN BIO!!!,63,13.61,0.925,34.34,1,click here to earn daily working from home real link in bio,0.033084311632870865,1.1330643012012405,0.925
C0153,SUPPORT THIS LEADER FOR BETTER FUTURE! DO NOT TRUST THE OPPOSITION!! #Victory2026,4,17.15,0.747,46.39,1,support this leader for better future do not trust the opposition #victory,0.0016008537886873,1.6907816813445113,0.747
C0154,"This recipe looks delicious, definitely trying it out this Sunday!",578,0.79,0.247,18.93,0,this recipe looks delicious definitely trying it out this sunday,0.30789754535752406,-0.8866918607865378,0.247
C0155,Unbelievable development! Best leader of all time! Truly visionary leadership!,24,16.03,0.707,40.14,1,unbelievable development best leader of all time truly visionary leadership,0.012273212379935967,1.5143287249150024,0.707
C0156,SUPPORT #LEADER2026 NOW! SHARE THIS MESSAGE TO 10 GROUPS NOW!!! #JOINNOW,7,12.68,0.9,33.68,1,support #leader now share this message to groups now #joinnow,0.0032017075773746,0.986545328451737,0.9
C0157,Earn passive income easily. Sign up using code BOT999. Real cash! #ALERT,89,2.7,0.834,3.92,1,earn passive income easily sign up using code bot real cash #alert,0.04695837780149413,-0.5857765511612135,0.834
C0158,"Wow, that sunset is gorgeous! Thanks for sharing the photo. ...",1778,0.54,0.161,15.63,0,wow that sunset is gorgeous thanks for sharing the photo,0.948239060832444,-0.9260786814181248,0.161
C0159,SUPPORT #LEADER2026 NOW! SHARE THIS MESSAGE TO 10 GROUPS NOW!!!,36,12.87,0.853,36.13,1,support #leader now share this message to groups now,0.018676627534685165,1.016479312131743,0.853
C0160,SUPPORT #LEADER2026 NOW! SHARE THIS MESSAGE TO 10 GROUPS NOW!!! #ALERT,28,7.44,0.991,20.67,1,support #leader now share this message to groups now #alert,0.0144076840981857,0.16099756801367485,0.991
C0161,That match last night was insane! What a finish in the last minute.,404,0.46,0.156,17.47,0,that match last night was insane what a finish in the last minute,0.21504802561366063,-0.9386824640202326,0.156
C0162,CLICK HERE TO EARN $500 DAILY WORKING FROM HOME! 100% REAL LINK IN BIO!!!,27,9.65,0.784,30.99,1,click here to earn daily working from home real link in bio,0.013874066168623266,0.5091770623969034,0.784
C0163,This channel is biased and spreading fake propaganda. Ban them!,1,9.67,0.679,24.16,1,this channel is biased and spreading fake propaganda ban them,0.0,0.5123280080474303,0.679
C0164,Can someone explain how to solve the 3rd question in the ML assignment?,1129,0.52,0.021,5.52,0,can someone explain how to solve the rd question in the ml assignment,0.6019210245464248,-0.9292296270686516,0.021
C0165,"Wow, that sunset is gorgeous! Thanks for sharing the photo.",665,1.0,0.124,4.48,0,wow that sunset is gorgeous thanks for sharing the photo,0.35432230522945574,-0.8536069314560047,0.124
C0166,This person is a traitor! Stop spreading lies about our great country!,5,11.97,0.642,37.09,1,this person is a traitor stop spreading lies about our great country,0.0021344717182497333,0.8746867578580302,0.642
C0167,This person is a traitor! Stop spreading lies about our great country!,14,11.37,1.0,36.1,1,this person is a traitor stop spreading lies about our great country,0.006937033084311634,0.7801583883422214,1.0
C0168,This person is a traitor! Stop spreading lies about our great country! #JOINNOW,1,7.93,0.862,22.38,1,this person is a traitor stop spreading lies about our great country #joinnow,0.0,0.23819573645158515,0.862
C0169,What a great performance by the team. Very happy with the result. !!,734,0.5,0.166,8.61,0,what a great performance by the team very happy with the result,0.39114194236926364,-0.9323805727191786,0.166
C0170,Boycott this movie! It hurts community sentiments! #BoycottTrending,42,12.6,0.824,33.97,1,boycott this movie it hurts community sentiments #boycotttrending,0.021878335112059766,0.9739415458496291,0.824
C0171,Don't listen to this fake news! The truth is hidden by mainstream media! #ALERT,7,22.28,0.667,64.52,1,dont listen to this fake news the truth is hidden by mainstream media #alert,0.0032017075773746,2.4989992407046757,0.667
C0172,"This recipe looks delicious, definitely trying it out this Sunday!",30,0.05,0.026,6.11,0,this recipe looks delicious definitely trying it out this sunday,0.015474919957310564,-1.0032768498560352,0.026
C0173,Boycott this movie! It hurts community sentiments! #BoycottTrending,7,12.81,0.631,34.34,1,boycott this movie it hurts community sentiments #boycotttrending,0.0032017075773746,1.0070264751801623,0.631
C0174,Unbelievable development! Best leader of all time! Truly visionary leadership! #ALERT,31,10.55,0.792,31.28,1,unbelievable development best leader of all time truly visionary leadership #alert,0.016008537886873,0.6509696166706165,0.792
C0175,What a great performance by the team. Very happy with the result.,490,0.47,0.153,8.48,0,what a great performance by the team very happy with the result,0.2609391675560299,-0.9371069911949691,0.153
C0176,The customer service was really helpful and sorted my issue in 5 minutes.,508,0.53,0.137,14.5,0,the customer service was really helpful and sorted my issue in minutes,0.27054429028815374,-0.9276541542433882,0.137
C0177,THE TRUTH HAS BEEN EXPOSED! WATCH THIS VIDEO BEFORE IT GETS DELETED!!!,9,7.79,0.771,22.9,1,the truth has been exposed watch this video before it gets deleted,0.004268943436499467,0.2161391168978965,0.771
C0178,"Honestly, I think the movie was slightly overrated, but the acting was top tier.",1084,0.63,0.114,17.8,0,honestly i think the movie was slightly overrated but the acting was top tier,0.5779082177161153,-0.9118994259907535,0.114
C0179,What a great performance by the team. Very happy with the result.,367,0.68,0.209,10.45,0,what a great performance by the team very happy with the result,0.19530416221985059,-0.9040220618644361,0.209
C0180,That match last night was insane! What a finish in the last minute.,930,0.12,0.242,11.08,0,that match last night was insane what a finish in the last minute,0.4957310565635006,-0.9922485400791908,0.242
C0181,"This recipe looks delicious, definitely trying it out this Sunday!",590,0.81,0.08,4.96,0,this recipe looks delicious definitely trying it out this sunday,0.31430096051227324,-0.883540915136011,0.08
C0182,Don't listen to this fake news! The truth is hidden by mainstream media! #ALERT,27,15.03,0.63,44.97,1,dont listen to this fake news the truth is hidden by mainstream media #alert,0.013874066168623266,1.356781442388654,0.63
C0183,Earn passive income easily. Sign up using code BOT999. Real cash!,18,3.32,0.825,12.11,1,earn passive income easily sign up using code bot real cash,0.009071504802561366,-0.488097235994878,0.825
C0184,"Wow, that sunset is gorgeous! Thanks for sharing the photo.",582,0.62,0.146,17.52,0,wow that sunset is gorgeous thanks for sharing the photo,0.31003201707577377,-0.913474898816017,0.146
C0185,CLICK HERE TO EARN $500 DAILY WORKING FROM HOME! 100% REAL LINK IN BIO!!! #JOINNOW,68,10.66,0.962,34.72,1,click here to earn daily working from home real link in bio #joinnow,0.035752401280683035,0.6682998177485145,0.962
C0186,"I'm not sure if this is correct, but let's see how it goes.",1068,0.31,0.108,5.56,0,im not sure if this is correct but lets see how it goes,0.5693703308431164,-0.9623145563991848,0.108
C0187,Beautiful weather today. Going out for a cup of coffee. !!,840,0.05,0.205,22.03,0,beautiful weather today going out for a cup of coffee,0.4477054429028816,-1.0032768498560352,0.205
C0188,Beautiful weather today. Going out for a cup of coffee.,1087,0.36,0.203,20.1,0,beautiful weather today going out for a cup of coffee,0.5795090715048026,-0.9544371922728673,0.203
C0189,The customer service was really helpful and sorted my issue in 5 minutes. ...,1428,0.2,0.201,11.21,0,the customer service was really helpful and sorted my issue in minutes,0.7614727854855924,-0.9796447574770829,0.201
C0190,SUPPORT #LEADER2026 NOW! SHARE THIS MESSAGE TO 10 GROUPS NOW!!!,15,15.23,0.725,42.4,1,support #leader now share this message to groups now,0.007470651013874066,1.388290898893924,0.725
C0191,"I'm not sure if this is correct, but let's see how it goes. haha",1007,0.28,0.169,8.22,0,im not sure if this is correct but lets see how it goes haha,0.536819637139808,-0.9670409748749751,0.169
C0192,The customer service was really helpful and sorted my issue in 5 minutes.,555,0.08,0.058,5.24,0,the customer service was really helpful and sorted my issue in minutes,0.2956243329775881,-0.9985504313802447,0.058
C0193,THE TRUTH HAS BEEN EXPOSED! WATCH THIS VIDEO BEFORE IT GETS DELETED!!! #ALERT,39,14.3,0.59,45.04,1,the truth has been exposed watch this video before it gets deleted #alert,0.020277481323372464,1.2417719261444204,0.59
C0194,This is completely fake! Stop spreading negative rumors immediately!,83,10.78,0.697,29.9,1,this is completely fake stop spreading negative rumors immediately,0.04375667022411953,0.6872054916516762,0.697
C0195,"Honestly, I think the movie was slightly overrated, but the acting was top tier.",569,0.54,0.406,11.52,0,honestly i think the movie was slightly overrated but the acting was top tier,0.3030949839914622,-0.9260786814181248,0.406
C0196,Earn passive income easily. Sign up using code BOT999. Real cash! #MUSTWATCH,13,10.59,0.829,31.36,1,earn passive income easily sign up using code bot real cash #mustwatch,0.0064034151547492,0.6572715079716702,0.829
C0197,"I don't agree with your opinion, but I appreciate the respectful debate here.",666,1.09,0.145,4.21,0,i dont agree with your opinion but i appreciate the respectful debate here,0.3548559231590182,-0.8394276760286336,0.145
C0198,This is the best government in history. Clean sweep in next elections! #PropagandaCampaign,52,10.4,0.876,31.32,1,this is the best government in history clean sweep in next elections #propagandacampaign,0.0272145144076841,0.6273375242916642,0.876
C0199,SUPPORT THIS LEADER FOR BETTER FUTURE! DO NOT TRUST THE OPPOSITION!! #Victory2026 #ALERT,10,4.95,0.937,12.92,1,support this leader for better future do not trust the opposition #victory #alert,0.0048025613660619,-0.2312951654769311,0.937
C0200,Does anyone know if the local train is running on schedule today? ...,709,0.82,0.162,16.08,0,does anyone know if the local train is running on schedule today,0.3778014941302028,-0.8819654423107474,0.162
C0201,Does anyone know if the local train is running on schedule today?,1047,0.89,0.256,9.73,0,does anyone know if the local train is running on schedule today,0.5581643543223053,-0.870937132533903,0.256
C0202,THE TRUTH HAS BEEN EXPOSED! WATCH THIS VIDEO BEFORE IT GETS DELETED!!! #JOINNOW,21,14.53,0.852,40.9,1,the truth has been exposed watch this video before it gets deleted #joinnow,0.010672358591248666,1.27800780112548,0.852
C0203,Boycott this movie! It hurts community sentiments! #BoycottTrending,6,15.27,0.816,44.21,1,boycott this movie it hurts community sentiments #boycotttrending,0.002668089647812167,1.3945927901949777,0.816
C0204,AMAZING OFFER! GET FREE CRYPTO NOW! CLICK LINK BELOW!!! #MUSTWATCH,107,11.15,0.795,29.57,1,amazing offer get free crypto now click link below #mustwatch,0.05656350053361793,0.745497986186425,0.795
C0205,This channel is biased and spreading fake propaganda. Ban them!,60,10.14,0.906,23.13,1,this channel is biased and spreading fake propaganda ban them,0.03148345784418356,0.5863752308348138,0.906
C0206,THE TRUTH HAS BEEN EXPOSED! WATCH THIS VIDEO BEFORE IT GETS DELETED!!! #ALERT,4,14.0,0.827,38.36,1,the truth has been exposed watch this video before it gets deleted #alert,0.0016008537886873,1.1945077413865162,0.827
C0207,SUPPORT THIS LEADER FOR BETTER FUTURE! DO NOT TRUST THE OPPOSITION!! #Victory2026,13,10.96,0.816,32.99,1,support this leader for better future do not trust the opposition #victory,0.0064034151547492,0.715564002506419,0.816
C0208,"Worst brand ever! Total scam, do not buy their products! SCAMMER!!",47,4.28,0.924,8.89,1,worst brand ever total scam do not buy their products scammer,0.024546424759871933,-0.3368518447695841,0.924
C0209,SUPPORT #LEADER2026 NOW! SHARE THIS MESSAGE TO 10 GROUPS NOW!!!,66,6.6,0.87,20.34,1,support #leader now share this message to groups now,0.03468516542155817,0.028657850691542613,0.87
C0210,This channel is biased and spreading fake propaganda. Ban them!,49,12.19,0.738,37.25,1,this channel is biased and spreading fake propaganda ban them,0.025613660618996798,0.9093471600138265,0.738
C0211,Follow my account for free premium tips and tricks. Guaranteed success!,20,15.68,0.838,38.15,1,follow my account for free premium tips and tricks guaranteed success,0.010138740661686232,1.4591871760307804,0.838
C0212,"Honestly, I think the movie was slightly overrated, but the acting was top tier.",96,0.24,0.229,10.5,0,honestly i think the movie was slightly overrated but the acting was top tier,0.05069370330843117,-0.973342866176029,0.229
C0213,Boycott this movie! It hurts community sentiments! #BoycottTrending,11,8.78,0.68,24.1,1,boycott this movie it hurts community sentiments #boycotttrending,0.005336179295624333,0.3721109265989807,0.68
C0214,"Wow, that sunset is gorgeous! Thanks for sharing the photo.",786,0.57,0.305,7.01,0,wow that sunset is gorgeous thanks for sharing the photo,0.4188900747065102,-0.9213522629423343,0.305
C0215,Boycott this movie! It hurts community sentiments! #BoycottTrending #MUSTWATCH,8,11.34,0.701,39.88,1,boycott this movie it hurts community sentiments #boycotttrending #mustwatch,0.0037353255069370334,0.775431969866431,0.701
C0216,CLICK HERE TO EARN $500 DAILY WORKING FROM HOME! 100% REAL LINK IN BIO!!!,6,9.34,0.82,29.53,1,click here to earn daily working from home real link in bio,0.002668089647812167,0.46033740481373553,0.82
C0217,That match last night was insane! What a finish in the last minute.,915,1.24,0.086,9.35,0,that match last night was insane what a finish in the last minute,0.4877267876200641,-0.8157955836496813,0.086
C0218,Boycott this movie! It hurts community sentiments! #BoycottTrending,8,14.22,0.725,38.66,1,boycott this movie it hurts community sentiments #boycotttrending,0.0037353255069370334,1.2291681435423127,0.725
C0219,This person is a traitor! Stop spreading lies about our great country! #JOINNOW,105,11.33,0.97,26.36,1,this person is a traitor stop spreading lies about our great country #joinnow,0.05549626467449307,0.7738564970411675,0.97
C0220,AMAZING OFFER! GET FREE CRYPTO NOW! CLICK LINK BELOW!!! #ALERT,36,13.37,0.755,34.51,1,amazing offer get free crypto now click link below #alert,0.018676627534685165,1.095252953394917,0.755
C0221,Don't listen to this fake news! The truth is hidden by mainstream media!,24,9.19,0.986,32.16,1,dont listen to this fake news the truth is hidden by mainstream media,0.012273212379935967,0.4367053124347833,0.986
C0222,"I don't agree with your opinion, but I appreciate the respectful debate here.",554,0.38,0.179,13.67,0,i dont agree with your opinion but i appreciate the respectful debate here,0.29509071504802564,-0.9512862466223404,0.179
C0223,Beautiful weather today. Going out for a cup of coffee.,1063,1.1,0.132,8.01,0,beautiful weather today going out for a cup of coffee,0.5667022411953042,-0.83785220320337,0.132
C0224,Don't listen to this fake news! The truth is hidden by mainstream media! #JOINNOW,14,15.54,0.686,40.63,1,dont listen to this fake news the truth is hidden by mainstream media #joinnow,0.006937033084311634,1.4371305564770915,0.686
C0225,This is the best government in history. Clean sweep in next elections! #PropagandaCampaign #ALERT,8,11.97,0.738,35.2,1,this is the best government in history clean sweep in next elections #propagandacampaign #alert,0.0037353255069370334,0.8746867578580302,0.738
C0226,"I don't agree with your opinion, but I appreciate the respectful debate here.",793,0.86,0.403,9.35,0,i dont agree with your opinion but i appreciate the respectful debate here,0.42262540021344724,-0.8756635510096934,0.403
C0227,"Wow, that sunset is gorgeous! Thanks for sharing the photo.",604,0.81,0.218,21.23,0,wow that sunset is gorgeous thanks for sharing the photo,0.3217716115261473,-0.883540915136011,0.218
C0228,SUPPORT THIS LEADER FOR BETTER FUTURE! DO NOT TRUST THE OPPOSITION!! #Victory2026 #JOINNOW,10,12.96,0.837,39.7,1,support this leader for better future do not trust the opposition #victory #joinnow,0.0048025613660619,1.0306585675591144,0.837
C0229,This is completely fake! Stop spreading negative rumors immediately! #JOINNOW,61,13.69,0.898,37.7,1,this is completely fake stop spreading negative rumors immediately #joinnow,0.032017075773746,1.1456680838033482,0.898
C0230,This is the best government in history. Clean sweep in next elections! #PropagandaCampaign #JOINNOW,36,16.03,0.984,41.33,1,this is the best government in history clean sweep in next elections #propagandacampaign #joinnow,0.018676627534685165,1.5143287249150024,0.984
C0231,Boycott this movie! It hurts community sentiments! #BoycottTrending,64,13.92,0.78,37.04,1,boycott this movie it hurts community sentiments #boycotttrending,0.0336179295624333,1.1819039587844082,0.78
C0232,"Worst brand ever! Total scam, do not buy their products! SCAMMER!! #ALERT",13,9.24,0.859,28.7,1,worst brand ever total scam do not buy their products scammer #alert,0.0064034151547492,0.4445826765611008,0.859
C0233,This is the best government in history. Clean sweep in next elections! #PropagandaCampaign #ALERT,22,13.6,0.823,38.04,1,this is the best government in history clean sweep in next elections #propagandacampaign #alert,0.011205976520811099,1.131488828375977,0.823
C0234,This is the best government in history. Clean sweep in next elections! #PropagandaCampaign,30,15.01,0.638,45.51,1,this is the best government in history clean sweep in next elections #propagandacampaign,0.015474919957310564,1.3536304967381272,0.638
C0235,Can someone explain how to solve the 3rd question in the ML assignment?,885,0.58,0.11,14.69,0,can someone explain how to solve the rd question in the ml assignment,0.4717182497331911,-0.9197767901170708,0.11
C0236,This is the best government in history. Clean sweep in next elections! #PropagandaCampaign #MUSTWATCH,13,12.19,0.873,35.38,1,this is the best government in history clean sweep in next elections #propagandacampaign #mustwatch,0.0064034151547492,0.9093471600138265,0.873
C0237,THE TRUTH HAS BEEN EXPOSED! WATCH THIS VIDEO BEFORE IT GETS DELETED!!!,4,12.7,0.849,35.99,1,the truth has been exposed watch this video before it gets deleted,0.0016008537886873,0.9896962741022639,0.849
C0238,"I'm not sure if this is correct, but let's see how it goes.",638,0.39,0.167,2.95,0,im not sure if this is correct but lets see how it goes,0.3399146211312701,-0.9497107737970769,0.167
C0239,This channel is biased and spreading fake propaganda. Ban them!,30,15.86,0.733,44.28,1,this channel is biased and spreading fake propaganda ban them,0.015474919957310564,1.487545686885523,0.733
C0240,Don't listen to this fake news! The truth is hidden by mainstream media!,43,11.48,0.556,33.75,1,dont listen to this fake news the truth is hidden by mainstream media,0.0224119530416222,0.7974885894201198,0.556
C0241,The customer service was really helpful and sorted my issue in 5 minutes. 😊,1232,0.05,0.109,5.85,0,the customer service was really helpful and sorted my issue in minutes,0.6568836712913555,-1.0032768498560352,0.109
C0242,Just finished reading this book. Highly recommend it to everyone.,728,0.69,0.249,17.61,0,just finished reading this book highly recommend it to everyone,0.38794023479188905,-0.9024465890391725,0.249
C0243,Can someone explain how to solve the 3rd question in the ML assignment?,1324,0.43,0.035,11.43,0,can someone explain how to solve the rd question in the ml assignment,0.7059765208110993,-0.9434088824960231,0.035
C0244,Can someone explain how to solve the 3rd question in the ML assignment?,1053,0.13,0.316,16.49,0,can someone explain how to solve the rd question in the ml assignment,0.5613660618996799,-0.9906730672539273,0.316
C0245,This is completely fake! Stop spreading negative rumors immediately!,8,11.17,0.65,36.86,1,this is completely fake stop spreading negative rumors immediately,0.0037353255069370334,0.7486489318369519,0.65
C0246,SUPPORT THIS LEADER FOR BETTER FUTURE! DO NOT TRUST THE OPPOSITION!! #Victory2026,60,14.02,0.797,37.86,1,support this leader for better future do not trust the opposition #victory,0.03148345784418356,1.197658687037043,0.797
C0247,This is completely fake! Stop spreading negative rumors immediately! #MUSTWATCH,45,11.08,0.868,31.79,1,this is completely fake stop spreading negative rumors immediately #mustwatch,0.023479188900747065,0.7344696764095806,0.868
C0248,"Haha that is so funny, thanks for making my day!",1057,0.9,0.17,15.55,0,haha that is so funny thanks for making my day,0.5635005336179296,-0.8693616597086395,0.17
C0249,Does anyone know if the local train is running on schedule today?,764,0.93,0.082,21.0,0,does anyone know if the local train is running on schedule today,0.40715048025613665,-0.8646352412328492,0.082
C0250,Just finished reading this book. Highly recommend it to everyone.,783,0.07,0.163,8.59,0,just finished reading this book highly recommend it to everyone,0.4172892209178229,-1.0001259042055082,0.163
C0251,Earn passive income easily. Sign up using code BOT999. Real cash!,10,9.46,0.919,27.32,1,earn passive income easily sign up using code bot real cash,0.0048025613660619,0.47924307871689736,0.919
C0252,Can someone explain how to solve the 3rd question in the ML assignment? !!,789,0.45,0.081,24.36,0,can someone explain how to solve the rd question in the ml assignment,0.4204909284951975,-0.940257936845496,0.081
C0253,Boycott this movie! It hurts community sentiments! #BoycottTrending,11,10.02,0.894,30.78,1,boycott this movie it hurts community sentiments #boycotttrending,0.005336179295624333,0.5674695569316519,0.894
C0254,This is completely fake! Stop spreading negative rumors immediately!,46,11.9,0.731,31.66,1,this is completely fake stop spreading negative rumors immediately,0.0240128068303095,0.8636584480811859,0.731
C0255,Follow my account for free premium tips and tricks. Guaranteed success!,130,10.39,0.8,21.0,1,follow my account for free premium tips and tricks guaranteed success,0.06883671291355391,0.6257620514664007,0.8
C0256,This is the best government in history. Clean sweep in next elections! #PropagandaCampaign,29,14.1,1.0,36.17,1,this is the best government in history clean sweep in next elections #propagandacampaign,0.014941302027748132,1.2102624696391509,1.0
C0257,This is completely fake! Stop spreading negative rumors immediately!,13,12.15,0.68,33.88,1,this is completely fake stop spreading negative rumors immediately,0.0064034151547492,0.9030452687127728,0.68
C0258,SUPPORT THIS LEADER FOR BETTER FUTURE! DO NOT TRUST THE OPPOSITION!! #Victory2026,26,15.96,0.875,42.12,1,support this leader for better future do not trust the opposition #victory,0.013340448239060833,1.503300415138158,0.875
C0259,"I'm not sure if this is correct, but let's see how it goes.",622,0.58,0.07,21.06,0,im not sure if this is correct but lets see how it goes,0.33137673425827113,-0.9197767901170708,0.07
C0260,THE TRUTH HAS BEEN EXPOSED! WATCH THIS VIDEO BEFORE IT GETS DELETED!!!,62,13.43,0.907,37.38,1,the truth has been exposed watch this video before it gets deleted,0.03255069370330843,1.1047057903464979,0.907
C0261,"This recipe looks delicious, definitely trying it out this Sunday!",1219,0.34,0.282,12.99,0,this recipe looks delicious definitely trying it out this sunday,0.6499466382070438,-0.9575881379233944,0.282
C0262,This channel is biased and spreading fake propaganda. Ban them!,19,13.61,1.0,36.97,1,this channel is biased and spreading fake propaganda ban them,0.0096051227321238,1.1330643012012405,1.0
C0263,Unbelievable development! Best leader of all time! Truly visionary leadership! #MUSTWATCH,2,12.82,0.722,35.5,1,unbelievable development best leader of all time truly visionary leadership #mustwatch,0.0005336179295624333,1.0086019480054258,0.722
C0264,AMAZING OFFER! GET FREE CRYPTO NOW! CLICK LINK BELOW!!!,62,7.87,0.736,23.43,1,amazing offer get free crypto now click link below,0.03255069370330843,0.22874289950000434,0.736
C0265,Unbelievable development! Best leader of all time! Truly visionary leadership!,21,16.52,1.0,46.56,1,unbelievable development best leader of all time truly visionary leadership,0.010672358591248666,1.5915268933529125,1.0
C0266,"I don't agree with your opinion, but I appreciate the respectful debate here.",815,0.54,0.211,6.89,0,i dont agree with your opinion but i appreciate the respectful debate here,0.4343649946638207,-0.9260786814181248,0.211
C0267,Don't listen to this fake news! The truth is hidden by mainstream media! #ALERT,3,16.36,0.787,48.55,1,dont listen to this fake news the truth is hidden by mainstream media #alert,0.0010672358591248669,1.566319328148697,0.787
C0268,"This recipe looks delicious, definitely trying it out this Sunday!",1149,0.05,0.06,4.19,0,this recipe looks delicious definitely trying it out this sunday,0.6125933831376735,-1.0032768498560352,0.06
C0269,AMAZING OFFER! GET FREE CRYPTO NOW! CLICK LINK BELOW!!!,39,20.01,0.929,52.96,1,amazing offer get free crypto now click link below,0.020277481323372464,2.1413669093698666,0.929
C0270,Earn passive income easily. Sign up using code BOT999. Real cash!,70,5.47,0.731,17.58,1,earn passive income easily sign up using code bot real cash,0.0368196371398079,-0.14937057856323033,0.731
C0271,Just finished reading this book. Highly recommend it to everyone. ...,871,0.66,0.025,18.88,0,just finished reading this book highly recommend it to everyone,0.46424759871931703,-0.907173007514963,0.025
C0272,SUPPORT THIS LEADER FOR BETTER FUTURE! DO NOT TRUST THE OPPOSITION!! #Victory2026,5,15.11,0.859,43.31,1,support this leader for better future do not trust the opposition #victory,0.0021344717182497333,1.369385224990762,0.859
C0273,THE TRUTH HAS BEEN EXPOSED! WATCH THIS VIDEO BEFORE IT GETS DELETED!!! #JOINNOW,6,13.3,0.765,33.0,1,the truth has been exposed watch this video before it gets deleted #joinnow,0.002668089647812167,1.0842246436180727,0.765
C0274,SUPPORT #LEADER2026 NOW! SHARE THIS MESSAGE TO 10 GROUPS NOW!!!,62,11.8,0.893,22.85,1,support #leader now share this message to groups now,0.03255069370330843,0.8479037198285512,0.893
C0275,Follow my account for free premium tips and tricks. Guaranteed success!,14,7.38,0.838,23.87,1,follow my account for free premium tips and tricks guaranteed success,0.006937033084311634,0.1515447310620939,0.838
C0276,Boycott this movie! It hurts community sentiments! #BoycottTrending #ALERT,9,11.65,0.645,37.16,1,boycott this movie it hurts community sentiments #boycotttrending #alert,0.004268943436499467,0.8242716274495989,0.645
C0277,I absolutely love this new update! The UI looks clean and crisp. !!,612,0.6,0.145,14.39,0,i absolutely love this new update the ui looks clean and crisp,0.3260405549626468,-0.9166258444665439,0.145
C0278,"Wow, that sunset is gorgeous! Thanks for sharing the photo.",830,0.12,0.25,9.53,0,wow that sunset is gorgeous thanks for sharing the photo,0.44236926360725726,-0.9922485400791908,0.25
C0279,Struggling with coding errors all day... need a break lol.,177,0.37,0.3,16.25,0,struggling with coding errors all day need a break lol,0.09391675560298827,-0.9528617194476039,0.3
C0280,What a great performance by the team. Very happy with the result. ...,660,0.4,0.118,22.38,0,what a great performance by the team very happy with the result,0.35165421558164356,-0.9481353009718134,0.118
C0281,Just finished reading this book. Highly recommend it to everyone. ...,952,0.63,0.253,13.19,0,just finished reading this book highly recommend it to everyone,0.5074706510138741,-0.9118994259907535,0.253
C0282,Follow my account for free premium tips and tricks. Guaranteed success! #ALERT,7,10.69,0.734,31.52,1,follow my account for free premium tips and tricks guaranteed success #alert,0.0032017075773746,0.6730262362243049,0.734
C0283,Boycott this movie! It hurts community sentiments! #BoycottTrending,83,9.25,0.888,23.73,1,boycott this movie it hurts community sentiments #boycotttrending,0.04375667022411953,0.4461581493863642,0.888
C0284,Does anyone know if the local train is running on schedule today?,831,0.05,0.242,13.73,0,does anyone know if the local train is running on schedule today,0.44290288153681967,-1.0032768498560352,0.242
C0285,What a great performance by the team. Very happy with the result.,1199,0.05,0.359,11.3,0,what a great performance by the team very happy with the result,0.6392742796157952,-1.0032768498560352,0.359
C0286,AMAZING OFFER! GET FREE CRYPTO NOW! CLICK LINK BELOW!!! #JOINNOW,5,8.25,0.877,26.2,1,amazing offer get free crypto now click link below #joinnow,0.0021344717182497333,0.28861086686001647,0.877
C0287,Earn passive income easily. Sign up using code BOT999. Real cash!,18,9.4,0.777,28.25,1,earn passive income easily sign up using code bot real cash,0.009071504802561366,0.4697902417653165,0.777
C0288,Earn passive income easily. Sign up using code BOT999. Real cash!,36,11.88,1.0,35.79,1,earn passive income easily sign up using code bot real cash,0.018676627534685165,0.860507502430659,1.0
C0289,Earn passive income easily. Sign up using code BOT999. Real cash!,26,13.23,0.933,40.34,1,earn passive income easily sign up using code bot real cash,0.013340448239060833,1.0731963338412285,0.933
C0290,AMAZING OFFER! GET FREE CRYPTO NOW! CLICK LINK BELOW!!!,8,7.64,0.996,21.39,1,amazing offer get free crypto now click link below,0.0037353255069370334,0.19250702451894428,0.996
C0291,Boycott this movie! It hurts community sentiments! #BoycottTrending #MUSTWATCH,33,13.19,0.792,37.31,1,boycott this movie it hurts community sentiments #boycotttrending #mustwatch,0.017075773745997867,1.0668944425401743,0.792
C0292,The customer service was really helpful and sorted my issue in 5 minutes.,928,0.63,0.311,14.27,0,the customer service was really helpful and sorted my issue in minutes,0.4946638207043757,-0.9118994259907535,0.311
C0293,SUPPORT THIS LEADER FOR BETTER FUTURE! DO NOT TRUST THE OPPOSITION!! #Victory2026,64,5.26,0.688,18.09,1,support this leader for better future do not trust the opposition #victory,0.0336179295624333,-0.18245550789376336,0.688
C0294,This is completely fake! Stop spreading negative rumors immediately! #ALERT,44,14.28,0.764,42.63,1,this is completely fake stop spreading negative rumors immediately #alert,0.02294557097118463,1.2386209804938932,0.764
C0295,Unbelievable development! Best leader of all time! Truly visionary leadership! #JOINNOW,52,12.48,0.677,29.77,1,unbelievable development best leader of all time truly visionary leadership #joinnow,0.0272145144076841,0.9550358719464676,0.677
C0296,"This recipe looks delicious, definitely trying it out this Sunday! 👍",142,0.23,0.305,4.24,0,this recipe looks delicious definitely trying it out this sunday,0.0752401280683031,-0.9749183390012924,0.305
C0297,Earn passive income easily. Sign up using code BOT999. Real cash!,15,10.79,0.997,34.25,1,earn passive income easily sign up using code bot real cash,0.007470651013874066,0.6887809644769396,0.997
C0298,This is the best government in history. Clean sweep in next elections! #PropagandaCampaign,29,3.0,0.718,11.23,1,this is the best government in history clean sweep in next elections #propagandacampaign,0.014941302027748132,-0.5385123664033092,0.718
C0299,SUPPORT THIS LEADER FOR BETTER FUTURE! DO NOT TRUST THE OPPOSITION!! #Victory2026 #ALERT,20,16.5,0.633,40.31,1,support this leader for better future do not trust the opposition #victory #alert,0.010138740661686232,1.5883759477023855,0.633
C0300,"Honestly, I think the movie was slightly overrated, but the acting was top tier.",1209,1.23,0.288,14.82,0,honestly i think the movie was slightly overrated but the acting was top tier,0.6446104589114194,-0.8173710564749449,0.288
C0301,AMAZING OFFER! GET FREE CRYPTO NOW! CLICK LINK BELOW!!! #ALERT,51,10.99,0.847,29.36,1,amazing offer get free crypto now click link below #alert,0.026680896478121666,0.7202904209822094,0.847
C0302,What a great performance by the team. Very happy with the result.,1021,0.49,0.055,7.65,0,what a great performance by the team very happy with the result,0.544290288153682,-0.9339560455444421,0.055
C0303,AMAZING OFFER! GET FREE CRYPTO NOW! CLICK LINK BELOW!!! #ALERT,12,8.06,0.822,28.73,1,amazing offer get free crypto now click link below #alert,0.005869797225186767,0.2586768831800105,0.822
C0304,The customer service was really helpful and sorted my issue in 5 minutes.,1167,0.05,0.051,16.7,0,the customer service was really helpful and sorted my issue in minutes,0.6221985058697973,-1.0032768498560352,0.051
C0305,CLICK HERE TO EARN $500 DAILY WORKING FROM HOME! 100% REAL LINK IN BIO!!! #ALERT,17,11.46,0.781,29.89,1,click here to earn daily working from home real link in bio #alert,0.008537886872998933,0.7943376437695929,0.781
C0306,"I'm not sure if this is correct, but let's see how it goes.",1020,1.05,0.172,12.8,0,im not sure if this is correct but lets see how it goes,0.5437566702241196,-0.8457295673296874,0.172
C0307,"This recipe looks delicious, definitely trying it out this Sunday!",425,0.92,0.142,9.11,0,this recipe looks delicious definitely trying it out this sunday,0.22625400213447172,-0.8662107140581126,0.142
C0308,This channel is biased and spreading fake propaganda. Ban them!,31,12.25,0.815,35.7,1,this channel is biased and spreading fake propaganda ban them,0.016008537886873,0.9187999969654075,0.815
C0309,SUPPORT #LEADER2026 NOW! SHARE THIS MESSAGE TO 10 GROUPS NOW!!!,52,10.86,0.848,31.05,1,support #leader now share this message to groups now,0.0272145144076841,0.699809274253784,0.848
C0310,AMAZING OFFER! GET FREE CRYPTO NOW! CLICK LINK BELOW!!!,16,6.81,0.651,19.15,1,amazing offer get free crypto now click link below,0.0080042689434365,0.06174278002207564,0.651
C0311,Struggling with coding errors all day... need a break lol.,512,0.77,0.121,18.24,0,struggling with coding errors all day need a break lol,0.27267876200640345,-0.8898428064370647,0.121
C0312,Can someone explain how to solve the 3rd question in the ML assignment?,530,0.58,0.066,22.73,0,can someone explain how to solve the rd question in the ml assignment,0.2822838847385273,-0.9197767901170708,0.066
C0313,THE TRUTH HAS BEEN EXPOSED! WATCH THIS VIDEO BEFORE IT GETS DELETED!!! #ALERT,27,14.1,0.712,37.84,1,the truth has been exposed watch this video before it gets deleted #alert,0.013874066168623266,1.2102624696391509,0.712
C0314,Beautiful weather today. Going out for a cup of coffee.,981,0.87,0.312,4.32,0,beautiful weather today going out for a cup of coffee,0.5229455709711847,-0.87408807818443,0.312
C0315,Boycott this movie! It hurts community sentiments! #BoycottTrending,15,13.07,0.789,44.66,1,boycott this movie it hurts community sentiments #boycotttrending,0.007470651013874066,1.0479887686370126,0.789
C0316,"Haha that is so funny, thanks for making my day! haha",478,0.99,0.318,9.23,0,haha that is so funny thanks for making my day haha,0.25453575240128073,-0.8551824042812682,0.318
C0317,"Honestly, I think the movie was slightly overrated, but the acting was top tier.",1027,0.99,0.112,10.98,0,honestly i think the movie was slightly overrated but the acting was top tier,0.5474919957310567,-0.8551824042812682,0.112
C0318,THE TRUTH HAS BEEN EXPOSED! WATCH THIS VIDEO BEFORE IT GETS DELETED!!!,3,7.6,0.715,22.09,1,the truth has been exposed watch this video before it gets deleted,0.0010672358591248669,0.18620513321789037,0.715
C0319,This is completely fake! Stop spreading negative rumors immediately!,22,11.21,0.828,27.26,1,this is completely fake stop spreading negative rumors immediately,0.011205976520811099,0.754950823138006,0.828
C0320,CLICK HERE TO EARN $500 DAILY WORKING FROM HOME! 100% REAL LINK IN BIO!!! #ALERT,64,13.85,1.0,32.91,1,click here to earn daily working from home real link in bio #alert,0.0336179295624333,1.1708756490075638,1.0
C0321,Beautiful weather today. Going out for a cup of coffee.,306,0.71,0.345,10.7,0,beautiful weather today going out for a cup of coffee,0.16275346851654215,-0.8992956433886456,0.345
C0322,THE TRUTH HAS BEEN EXPOSED! WATCH THIS VIDEO BEFORE IT GETS DELETED!!!,2,18.91,0.867,52.4,1,the truth has been exposed watch this video before it gets deleted,0.0005336179295624333,1.9680648985908837,0.867
C0323,SUPPORT THIS LEADER FOR BETTER FUTURE! DO NOT TRUST THE OPPOSITION!! #Victory2026 #JOINNOW,6,8.04,0.876,22.06,1,support this leader for better future do not trust the opposition #victory #joinnow,0.002668089647812167,0.2555259375294833,0.876
C0324,Don't listen to this fake news! The truth is hidden by mainstream media!,18,12.33,0.712,38.63,1,dont listen to this fake news the truth is hidden by mainstream media,0.009071504802561366,0.9314037795675153,0.712
C0325,"Haha that is so funny, thanks for making my day!",1236,0.68,0.041,10.42,0,haha that is so funny thanks for making my day,0.6590181430096052,-0.9040220618644361,0.041
C0326,Earn passive income easily. Sign up using code BOT999. Real cash! #ALERT,147,12.29,0.894,28.6,1,earn passive income easily sign up using code bot real cash #alert,0.07790821771611527,0.9251018882664612,0.894
C0327,The customer service was really helpful and sorted my issue in 5 minutes. 👍,1290,0.28,0.173,9.36,0,the customer service was really helpful and sorted my issue in minutes,0.6878335112059766,-0.9670409748749751,0.173
C0328,The customer service was really helpful and sorted my issue in 5 minutes.,944,0.65,0.208,6.65,0,the customer service was really helpful and sorted my issue in minutes,0.5032017075773747,-0.9087484803402265,0.208
C0329,Just finished reading this book. Highly recommend it to everyone.,444,0.29,0.126,12.44,0,just finished reading this book highly recommend it to everyone,0.23639274279615796,-0.9654655020497117,0.126
C0330,That match last night was insane! What a finish in the last minute. 😊,1083,0.25,0.0,22.78,0,that match last night was insane what a finish in the last minute,0.5773745997865529,-0.9717673933507656,0.0
C0331,This is completely fake! Stop spreading negative rumors immediately!,22,7.47,0.799,25.09,1,this is completely fake stop spreading negative rumors immediately,0.011205976520811099,0.16572398648946518,0.799
C0332,AMAZING OFFER! GET FREE CRYPTO NOW! CLICK LINK BELOW!!! #MUSTWATCH,146,10.46,0.856,22.53,1,amazing offer get free crypto now click link below #mustwatch,0.07737459978655284,0.6367903612432452,0.856
C0333,Can someone explain how to solve the 3rd question in the ML assignment? haha,1266,0.67,0.21,9.46,0,can someone explain how to solve the rd question in the ml assignment haha,0.6750266808964782,-0.9055975346896995,0.21
C0334,Earn passive income easily. Sign up using code BOT999. Real cash!,16,11.05,0.864,29.13,1,earn passive income easily sign up using code bot real cash,0.0080042689434365,0.7297432579337904,0.864
C0335,SUPPORT #LEADER2026 NOW! SHARE THIS MESSAGE TO 10 GROUPS NOW!!!,13,12.2,0.82,34.17,1,support #leader now share this message to groups now,0.0064034151547492,0.91092263283909,0.82
C0336,SUPPORT #LEADER2026 NOW! SHARE THIS MESSAGE TO 10 GROUPS NOW!!!,60,12.79,0.797,36.43,1,support #leader now share this message to groups now,0.03148345784418356,1.003875529529635,0.797
C0337,Can someone explain how to solve the 3rd question in the ML assignment? 👍,1356,0.67,0.151,5.44,0,can someone explain how to solve the rd question in the ml assignment,0.7230522945570972,-0.9055975346896995,0.151
C0338,Earn passive income easily. Sign up using code BOT999. Real cash! #ALERT,16,10.51,0.681,32.0,1,earn passive income easily sign up using code bot real cash #alert,0.0080042689434365,0.6446677253695624,0.681
C0339,"I'm not sure if this is correct, but let's see how it goes.",821,0.05,0.085,1.0,0,im not sure if this is correct but lets see how it goes,0.43756670224119537,-1.0032768498560352,0.085
C0340,Follow my account for free premium tips and tricks. Guaranteed success!,4,13.17,0.655,39.52,1,follow my account for free premium tips and tricks guaranteed success,0.0016008537886873,1.0637434968896475,0.655
C0341,Unbelievable development! Best leader of all time! Truly visionary leadership! #ALERT,29,8.13,0.85,21.81,1,unbelievable development best leader of all time truly visionary leadership #alert,0.014941302027748132,0.26970519295685486,0.85
C0342,Earn passive income easily. Sign up using code BOT999. Real cash! #ALERT,159,11.75,0.818,25.41,1,earn passive income easily sign up using code bot real cash #alert,0.08431163287086448,0.8400263557022336,0.818
C0343,Just finished reading this book. Highly recommend it to everyone.,554,0.41,0.111,12.85,0,just finished reading this book highly recommend it to everyone,0.29509071504802564,-0.9465598281465499,0.111
C0344,The customer service was really helpful and sorted my issue in 5 minutes. !!,864,0.5,0.194,17.95,0,the customer service was really helpful and sorted my issue in minutes,0.46051227321238,-0.9323805727191786,0.194
C0345,This channel is biased and spreading fake propaganda. Ban them! #JOINNOW,11,14.0,1.0,36.32,1,this channel is biased and spreading fake propaganda ban them #joinnow,0.005336179295624333,1.1945077413865162,1.0
C0346,Just finished reading this book. Highly recommend it to everyone. haha,716,0.46,0.249,9.46,0,just finished reading this book highly recommend it to everyone haha,0.38153681963713987,-0.9386824640202326,0.249
C0347,This is the best government in history. Clean sweep in next elections! #PropagandaCampaign,17,7.32,0.865,24.73,1,this is the best government in history clean sweep in next elections #propagandacampaign,0.008537886872998933,0.1420918941105131,0.865
C0348,That match last night was insane! What a finish in the last minute. 😊,569,0.05,0.095,13.96,0,that match last night was insane what a finish in the last minute,0.3030949839914622,-1.0032768498560352,0.095
C0349,Beautiful weather today. Going out for a cup of coffee. 👍,208,0.56,0.148,14.9,0,beautiful weather today going out for a cup of coffee,0.11045891141942371,-0.9229277357675979,0.148
C0350,Boycott this movie! It hurts community sentiments! #BoycottTrending,4,4.16,1.0,11.62,1,boycott this movie it hurts community sentiments #boycotttrending,0.0016008537886873,-0.35575751867274585,1.0
C0351,THE TRUTH HAS BEEN EXPOSED! WATCH THIS VIDEO BEFORE IT GETS DELETED!!! #MUSTWATCH,12,11.84,0.779,39.14,1,the truth has been exposed watch this video before it gets deleted #mustwatch,0.005869797225186767,0.8542056111296049,0.779
C0352,Unbelievable development! Best leader of all time! Truly visionary leadership!,15,8.5,0.527,26.35,1,unbelievable development best leader of all time truly visionary leadership,0.007470651013874066,0.3279976874916034,0.527
C0353,THE TRUTH HAS BEEN EXPOSED! WATCH THIS VIDEO BEFORE IT GETS DELETED!!!,94,12.83,0.72,35.49,1,the truth has been exposed watch this video before it gets deleted,0.0496264674493063,1.0101774208306893,0.72
C0354,SUPPORT THIS LEADER FOR BETTER FUTURE! DO NOT TRUST THE OPPOSITION!! #Victory2026 #MUSTWATCH,35,5.6,0.751,16.98,1,support this leader for better future do not trust the opposition #victory #mustwatch,0.01814300960512273,-0.12888943183480514,0.751
C0355,Boycott this movie! It hurts community sentiments! #BoycottTrending #ALERT,31,15.69,0.889,43.57,1,boycott this movie it hurts community sentiments #boycotttrending #alert,0.016008537886873,1.4607626488560437,0.889
C0356,Just finished reading this book. Highly recommend it to everyone.,1320,0.97,0.153,8.23,0,just finished reading this book highly recommend it to everyone,0.7038420490928495,-0.8583333499317952,0.153
C0357,SUPPORT THIS LEADER FOR BETTER FUTURE! DO NOT TRUST THE OPPOSITION!! #Victory2026,5,12.35,1.0,34.94,1,support this leader for better future do not trust the opposition #victory,0.0021344717182497333,0.9345547252180422,1.0
C0358,"Honestly, I think the movie was slightly overrated, but the acting was top tier. ...",836,0.57,0.105,7.99,0,honestly i think the movie was slightly overrated but the acting was top tier,0.44557097118463185,-0.9213522629423343,0.105
C0359,Just finished reading this book. Highly recommend it to everyone.,1319,0.21,0.017,15.4,0,just finished reading this book highly recommend it to everyone,0.7033084311632871,-0.9780692846518195,0.017
C0360,I absolutely love this new update! The UI looks clean and crisp. 👍,1263,0.36,0.106,13.41,0,i absolutely love this new update the ui looks clean and crisp,0.6734258271077909,-0.9544371922728673,0.106
C0361,"I'm not sure if this is correct, but let's see how it goes.",516,0.27,0.238,15.04,0,im not sure if this is correct but lets see how it goes,0.27481323372465316,-0.9686164477002386,0.238
C0362,What a great performance by the team. Very happy with the result. 👍,1324,0.12,0.1,13.41,0,what a great performance by the team very happy with the result,0.7059765208110993,-0.9922485400791908,0.1
C0363,What a great performance by the team. Very happy with the result. haha,429,0.69,0.272,9.08,0,what a great performance by the team very happy with the result haha,0.22838847385272146,-0.9024465890391725,0.272
C0364,"I'm not sure if this is correct, but let's see how it goes. 😊",815,0.94,0.33,15.73,0,im not sure if this is correct but lets see how it goes,0.4343649946638207,-0.8630597684075856,0.33
C0365,Earn passive income easily. Sign up using code BOT999. Real cash! #MUSTWATCH,33,14.37,0.756,36.76,1,earn passive income easily sign up using code bot real cash #mustwatch,0.017075773745997867,1.2528002359212647,0.756
C0366,SUPPORT #LEADER2026 NOW! SHARE THIS MESSAGE TO 10 GROUPS NOW!!!,79,9.62,0.646,19.89,1,support #leader now share this message to groups now,0.0416221985058698,0.5044506439211128,0.646
C0367,Can someone explain how to solve the 3rd question in the ML assignment?,30,0.67,0.165,9.58,0,can someone explain how to solve the rd question in the ml assignment,0.015474919957310564,-0.9055975346896995,0.165
C0368,The customer service was really helpful and sorted my issue in 5 minutes.,667,0.56,0.134,5.3,0,the customer service was really helpful and sorted my issue in minutes,0.3553895410885806,-0.9229277357675979,0.134
C0369,That match last night was insane! What a finish in the last minute.,1165,0.59,0.177,16.19,0,that match last night was insane what a finish in the last minute,0.6211312700106724,-0.9182013172918074,0.177
C0370,Follow my account for free premium tips and tricks. Guaranteed success!,19,8.75,0.859,28.13,1,follow my account for free premium tips and tricks guaranteed success,0.0096051227321238,0.36738450812319035,0.859
C0371,"This recipe looks delicious, definitely trying it out this Sunday!",1065,0.85,0.168,5.52,0,this recipe looks delicious definitely trying it out this sunday,0.567769477054429,-0.877239023834957,0.168
C0372,Follow my account for free premium tips and tricks. Guaranteed success!,126,11.62,0.79,30.19,1,follow my account for free premium tips and tricks guaranteed success,0.06670224119530417,0.8195452089738083,0.79
C0373,Follow my account for free premium tips and tricks. Guaranteed success!,8,14.31,0.949,40.44,1,follow my account for free premium tips and tricks guaranteed success,0.0037353255069370334,1.243347398969684,0.949
C0374,"Wow, that sunset is gorgeous! Thanks for sharing the photo. !!",923,1.01,0.174,25.01,0,wow that sunset is gorgeous thanks for sharing the photo,0.4919957310565636,-0.8520314586307414,0.174
C0375,Boycott this movie! It hurts community sentiments! #BoycottTrending #MUSTWATCH,11,19.25,0.875,53.56,1,boycott this movie it hurts community sentiments #boycotttrending #mustwatch,0.005336179295624333,2.0216309746498418,0.875
C0376,"This recipe looks delicious, definitely trying it out this Sunday! ...",1160,0.31,0.198,10.75,0,this recipe looks delicious definitely trying it out this sunday,0.6184631803628603,-0.9623145563991848,0.198
C0377,"This recipe looks delicious, definitely trying it out this Sunday! ...",792,0.75,0.057,18.44,0,this recipe looks delicious definitely trying it out this sunday,0.4220917822838848,-0.8929937520875917,0.057
C0378,"Haha that is so funny, thanks for making my day!",630,0.58,0.01,15.6,0,haha that is so funny thanks for making my day,0.3356456776947706,-0.9197767901170708,0.01
C0379,"Honestly, I think the movie was slightly overrated, but the acting was top tier.",1378,0.35,0.039,13.39,0,honestly i think the movie was slightly overrated but the acting was top tier,0.7347918890074707,-0.9560126650981309,0.039
C0380,This person is a traitor! Stop spreading lies about our great country! #JOINNOW,1,17.82,0.706,51.44,1,this person is a traitor stop spreading lies about our great country #joinnow,0.0,1.7963383606371648,0.706
C0381,Boycott this movie! It hurts community sentiments! #BoycottTrending,96,6.2,0.667,14.34,1,boycott this movie it hurts community sentiments #boycotttrending,0.05069370330843117,-0.0343610623189964,0.667
C0382,This is the best government in history. Clean sweep in next elections! #PropagandaCampaign #MUSTWATCH,63,8.72,1.0,22.45,1,this is the best government in history clean sweep in next elections #propagandacampaign #mustwatch,0.033084311632870865,0.36265808964740004,1.0
C0383,Does anyone know if the local train is running on schedule today?,889,0.78,0.008,3.2,0,does anyone know if the local train is running on schedule today,0.4738527214514408,-0.8882673336118012,0.008
C0384,Does anyone know if the local train is running on schedule today?,189,0.88,0.095,24.79,0,does anyone know if the local train is running on schedule today,0.10032017075773747,-0.8725126053591665,0.095
C0385,This person is a traitor! Stop spreading lies about our great country!,31,12.51,0.717,40.31,1,this person is a traitor stop spreading lies about our great country,0.016008537886873,0.9597622904222579,0.717
C0386,"I don't agree with your opinion, but I appreciate the respectful debate here.",1554,0.99,0.246,8.88,0,i dont agree with your opinion but i appreciate the respectful debate here,0.828708644610459,-0.8551824042812682,0.246
C0387,AMAZING OFFER! GET FREE CRYPTO NOW! CLICK LINK BELOW!!! #JOINNOW,53,15.31,0.702,40.61,1,amazing offer get free crypto now click link below #joinnow,0.02774813233724653,1.4008946814960315,0.702
C0388,This is the best government in history. Clean sweep in next elections! #PropagandaCampaign,2,16.46,0.722,48.89,1,this is the best government in history clean sweep in next elections #propagandacampaign,0.0005336179295624333,1.5820740564013318,0.722
C0389,"Honestly, I think the movie was slightly overrated, but the acting was top tier.",1072,0.05,0.23,9.84,0,honestly i think the movie was slightly overrated but the acting was top tier,0.5715048025613662,-1.0032768498560352,0.23
C0390,SUPPORT #LEADER2026 NOW! SHARE THIS MESSAGE TO 10 GROUPS NOW!!!,18,8.46,0.79,24.88,1,support #leader now share this message to groups now,0.009071504802561366,0.3216957961905496,0.79
C0391,The customer service was really helpful and sorted my issue in 5 minutes. !!,1405,0.69,0.048,21.27,0,the customer service was really helpful and sorted my issue in minutes,0.7491995731056564,-0.9024465890391725,0.048
C0392,Unbelievable development! Best leader of all time! Truly visionary leadership!,31,10.6,0.831,33.39,1,unbelievable development best leader of all time truly visionary leadership,0.016008537886873,0.6588469807969336,0.831
C0393,Earn passive income easily. Sign up using code BOT999. Real cash! #ALERT,15,10.78,1.0,35.83,1,earn passive income easily sign up using code bot real cash #alert,0.007470651013874066,0.6872054916516762,1.0
C0394,That match last night was insane! What a finish in the last minute.,604,0.16,0.164,3.16,0,that match last night was insane what a finish in the last minute,0.3217716115261473,-0.9859466487781369,0.164
C0395,This is the best government in history. Clean sweep in next elections! #PropagandaCampaign,11,16.13,0.777,43.67,1,this is the best government in history clean sweep in next elections #propagandacampaign,0.005336179295624333,1.5300834531676368,0.777
C0396,Can someone explain how to solve the 3rd question in the ML assignment?,960,0.44,0.289,6.44,0,can someone explain how to solve the rd question in the ml assignment,0.5117395944503735,-0.9418334096707595,0.289
C0397,What a great performance by the team. Very happy with the result.,779,0.56,0.112,1.0,0,what a great performance by the team very happy with the result,0.4151547491995731,-0.9229277357675979,0.112
C0398,This is the best government in history. Clean sweep in next elections! #PropagandaCampaign #JOINNOW,40,11.36,0.728,32.81,1,this is the best government in history clean sweep in next elections #propagandacampaign #joinnow,0.0208110992529349,0.7785829155169579,0.728
C0399,"I'm not sure if this is correct, but let's see how it goes.",400,0.59,0.227,18.13,0,im not sure if this is correct but lets see how it goes,0.2129135538954109,-0.9182013172918074,0.227
C0400,The customer service was really helpful and sorted my issue in 5 minutes. haha,759,0.44,0.062,7.87,0,the customer service was really helpful and sorted my issue in minutes haha,0.40448239060832447,-0.9418334096707595,0.062
C0401,Can someone explain how to solve the 3rd question in the ML assignment?,709,0.61,0.241,7.98,0,can someone explain how to solve the rd question in the ml assignment,0.3778014941302028,-0.9150503716412803,0.241
C0402,This channel is biased and spreading fake propaganda. Ban them!,18,9.9,0.798,29.15,1,this channel is biased and spreading fake propaganda ban them,0.009071504802561366,0.5485638830284904,0.798
C0403,Can someone explain how to solve the 3rd question in the ML assignment? !!,347,0.05,0.047,13.24,0,can someone explain how to solve the rd question in the ml assignment,0.18463180362860193,-1.0032768498560352,0.047
C0404,This is the best government in history. Clean sweep in next elections! #PropagandaCampaign,25,12.35,0.612,33.04,1,this is the best government in history clean sweep in next elections #propagandacampaign,0.012806830309498399,0.9345547252180422,0.612
C0405,"Honestly, I think the movie was slightly overrated, but the acting was top tier. 👍",1117,0.12,0.179,5.22,0,honestly i think the movie was slightly overrated but the acting was top tier,0.5955176093916756,-0.9922485400791908,0.179
C0406,This person is a traitor! Stop spreading lies about our great country!,19,12.32,0.842,32.42,1,this person is a traitor stop spreading lies about our great country,0.0096051227321238,0.9298283067422519,0.842
C0407,"I don't agree with your opinion, but I appreciate the respectful debate here.",673,0.37,0.096,15.16,0,i dont agree with your opinion but i appreciate the respectful debate here,0.3585912486659552,-0.9528617194476039,0.096
C0408,SUPPORT #LEADER2026 NOW! SHARE THIS MESSAGE TO 10 GROUPS NOW!!! #JOINNOW,25,10.2,0.678,29.44,1,support #leader now share this message to groups now #joinnow,0.012806830309498399,0.5958280677863945,0.678
C0409,"Haha that is so funny, thanks for making my day!",971,0.71,0.168,10.16,0,haha that is so funny thanks for making my day,0.5176093916755603,-0.8992956433886456,0.168
C0410,"I'm not sure if this is correct, but let's see how it goes.",468,0.53,0.043,1.0,0,im not sure if this is correct but lets see how it goes,0.24919957310565635,-0.9276541542433882,0.043
C0411,That match last night was insane! What a finish in the last minute.,974,0.77,0.0,6.95,0,that match last night was insane what a finish in the last minute,0.5192102454642477,-0.8898428064370647,0.0
C0412,Boycott this movie! It hurts community sentiments! #BoycottTrending #ALERT,32,9.16,0.809,30.49,1,boycott this movie it hurts community sentiments #boycotttrending #alert,0.016542155816435433,0.43197889395899297,0.809
C0413,CLICK HERE TO EARN $500 DAILY WORKING FROM HOME! 100% REAL LINK IN BIO!!! #MUSTWATCH,19,12.23,0.722,32.23,1,click here to earn daily working from home real link in bio #mustwatch,0.0096051227321238,0.9156490513148806,0.722
C0414,This person is a traitor! Stop spreading lies about our great country!,6,16.65,0.708,41.99,1,this person is a traitor stop spreading lies about our great country,0.002668089647812167,1.6120080400813375,0.708
C0415,Follow my account for free premium tips and tricks. Guaranteed success! #MUSTWATCH,64,12.38,0.765,28.06,1,follow my account for free premium tips and tricks guaranteed success #mustwatch,0.0336179295624333,0.9392811436938329,0.765
C0416,Does anyone know if the local train is running on schedule today? 😊,1153,0.48,0.132,27.97,0,does anyone know if the local train is running on schedule today,0.6147278548559232,-0.9355315183697057,0.132
C0417,Beautiful weather today. Going out for a cup of coffee.,919,0.27,0.107,17.74,0,beautiful weather today going out for a cup of coffee,0.4898612593383138,-0.9686164477002386,0.107
C0418,"I'm not sure if this is correct, but let's see how it goes.",845,0.07,0.242,8.66,0,im not sure if this is correct but lets see how it goes,0.45037353255069373,-1.0001259042055082,0.242
C0419,Don't listen to this fake news! The truth is hidden by mainstream media!,26,16.75,0.864,47.87,1,dont listen to this fake news the truth is hidden by mainstream media,0.013340448239060833,1.6277627683339726,0.864
C0420,"This recipe looks delicious, definitely trying it out this Sunday! 👍",723,0.13,0.162,16.91,0,this recipe looks delicious definitely trying it out this sunday,0.38527214514407687,-0.9906730672539273,0.162
C0421,Does anyone know if the local train is running on schedule today?,1062,0.75,0.107,10.67,0,does anyone know if the local train is running on schedule today,0.5661686232657418,-0.8929937520875917,0.107
C0422,Struggling with coding errors all day... need a break lol.,993,0.34,0.098,13.49,0,struggling with coding errors all day need a break lol,0.5293489861259338,-0.9575881379233944,0.098
C0423,This is the best government in history. Clean sweep in next elections! #PropagandaCampaign,5,15.04,1.0,39.15,1,this is the best government in history clean sweep in next elections #propagandacampaign,0.0021344717182497333,1.3583569152139177,1.0
C0424,Does anyone know if the local train is running on schedule today?,809,0.92,0.142,14.26,0,does anyone know if the local train is running on schedule today,0.43116328708644613,-0.8662107140581126,0.142
C0425,What a great performance by the team. Very happy with the result.,375,0.63,0.131,16.93,0,what a great performance by the team very happy with the result,0.19957310565635006,-0.9118994259907535,0.131
C0426,THE TRUTH HAS BEEN EXPOSED! WATCH THIS VIDEO BEFORE IT GETS DELETED!!!,6,12.13,0.768,40.4,1,the truth has been exposed watch this video before it gets deleted,0.002668089647812167,0.8998943230622459,0.768
C0427,Don't listen to this fake news! The truth is hidden by mainstream media!,67,12.9,0.823,32.84,1,dont listen to this fake news the truth is hidden by mainstream media,0.0352187833511206,1.0212057306075335,0.823
C0428,"I don't agree with your opinion, but I appreciate the respectful debate here.",935,0.41,0.167,18.59,0,i dont agree with your opinion but i appreciate the respectful debate here,0.49839914621131276,-0.9465598281465499,0.167
C0429,Earn passive income easily. Sign up using code BOT999. Real cash! #ALERT,38,10.79,0.565,29.58,1,earn passive income easily sign up using code bot real cash #alert,0.019743863393810034,0.6887809644769396,0.565
C0430,Does anyone know if the local train is running on schedule today? 👍,1322,0.47,0.0,9.51,0,does anyone know if the local train is running on schedule today,0.7049092849519745,-0.9371069911949691,0.0
C0431,THE TRUTH HAS BEEN EXPOSED! WATCH THIS VIDEO BEFORE IT GETS DELETED!!!,6,15.97,0.901,46.27,1,the truth has been exposed watch this video before it gets deleted,0.002668089647812167,1.5048758879634212,0.901
C0432,Does anyone know if the local train is running on schedule today? haha,704,0.39,0.111,7.39,0,does anyone know if the local train is running on schedule today haha,0.37513340448239063,-0.9497107737970769,0.111
C0433,"I don't agree with your opinion, but I appreciate the respectful debate here. 😊",1446,0.4,0.272,19.61,0,i dont agree with your opinion but i appreciate the respectful debate here,0.7710779082177162,-0.9481353009718134,0.272
C0434,Struggling with coding errors all day... need a break lol.,1199,0.37,0.19,11.88,0,struggling with coding errors all day need a break lol,0.6392742796157952,-0.9528617194476039,0.19
C0435,AMAZING OFFER! GET FREE CRYPTO NOW! CLICK LINK BELOW!!! #JOINNOW,31,13.49,0.705,40.76,1,amazing offer get free crypto now click link below #joinnow,0.016008537886873,1.1141586272980788,0.705
C0436,Beautiful weather today. Going out for a cup of coffee.,351,0.38,0.202,9.45,0,beautiful weather today going out for a cup of coffee,0.18676627534685167,-0.9512862466223404,0.202
C0437,CLICK HERE TO EARN $500 DAILY WORKING FROM HOME! 100% REAL LINK IN BIO!!!,31,15.11,0.815,47.04,1,click here to earn daily working from home real link in bio,0.016008537886873,1.369385224990762,0.815
C0438,"I'm not sure if this is correct, but let's see how it goes. 😊",399,0.3,0.201,12.9,0,im not sure if this is correct but lets see how it goes,0.21237993596584845,-0.9638900292244482,0.201
C0439,"I'm not sure if this is correct, but let's see how it goes.",940,0.65,0.213,17.55,0,im not sure if this is correct but lets see how it goes,0.5010672358591249,-0.9087484803402265,0.213
C0440,SUPPORT #LEADER2026 NOW! SHARE THIS MESSAGE TO 10 GROUPS NOW!!!,10,13.09,0.878,34.33,1,support #leader now share this message to groups now,0.0048025613660619,1.0511397142875396,0.878
C0441,Unbelievable development! Best leader of all time! Truly visionary leadership! #JOINNOW,18,12.6,0.933,35.24,1,unbelievable development best leader of all time truly visionary leadership #joinnow,0.009071504802561366,0.9739415458496291,0.933
C0442,Earn passive income easily. Sign up using code BOT999. Real cash! #ALERT,24,13.01,0.792,35.76,1,earn passive income easily sign up using code bot real cash #alert,0.012273212379935967,1.0385359316854317,0.792
C0443,"This recipe looks delicious, definitely trying it out this Sunday!",422,0.43,0.192,9.82,0,this recipe looks delicious definitely trying it out this sunday,0.22465314834578443,-0.9434088824960231,0.192
C0444,Unbelievable development! Best leader of all time! Truly visionary leadership!,73,15.0,0.889,40.7,1,unbelievable development best leader of all time truly visionary leadership,0.0384204909284952,1.352055023912864,0.889
C0445,THE TRUTH HAS BEEN EXPOSED! WATCH THIS VIDEO BEFORE IT GETS DELETED!!!,1,15.55,0.737,45.8,1,the truth has been exposed watch this video before it gets deleted,0.0,1.4387060293023552,0.737
C0446,That match last night was insane! What a finish in the last minute.,645,0.6,0.085,7.45,0,that match last night was insane what a finish in the last minute,0.3436499466382071,-0.9166258444665439,0.085
C0447,I absolutely love this new update! The UI looks clean and crisp.,836,0.05,0.12,3.97,0,i absolutely love this new update the ui looks clean and crisp,0.44557097118463185,-1.0032768498560352,0.12
C0448,This is the best government in history. Clean sweep in next elections! #PropagandaCampaign #MUSTWATCH,11,15.12,0.914,47.38,1,this is the best government in history clean sweep in next elections #propagandacampaign #mustwatch,0.005336179295624333,1.3709606978160254,0.914
C0449,Boycott this movie! It hurts community sentiments! #BoycottTrending,67,14.94,0.722,39.25,1,boycott this movie it hurts community sentiments #boycotttrending,0.0352187833511206,1.3426021869612828,0.722
C0450,"This recipe looks delicious, definitely trying it out this Sunday! !!",613,0.28,0.154,13.74,0,this recipe looks delicious definitely trying it out this sunday,0.3265741728922092,-0.9670409748749751,0.154
C0451,"I don't agree with your opinion, but I appreciate the respectful debate here.",1265,0.58,0.214,15.27,0,i dont agree with your opinion but i appreciate the respectful debate here,0.6744930629669158,-0.9197767901170708,0.214
C0452,I absolutely love this new update! The UI looks clean and crisp.,1875,0.05,0.081,19.37,0,i absolutely love this new update the ui looks clean and crisp,1.0,-1.0032768498560352,0.081
C0453,This is completely fake! Stop spreading negative rumors immediately!,28,10.59,0.784,32.93,1,this is completely fake stop spreading negative rumors immediately,0.0144076840981857,0.6572715079716702,0.784
C0454,I absolutely love this new update! The UI looks clean and crisp.,1444,0.89,0.314,15.71,0,i absolutely love this new update the ui looks clean and crisp,0.7700106723585913,-0.870937132533903,0.314
C0455,Boycott this movie! It hurts community sentiments! #BoycottTrending,9,8.14,0.804,24.13,1,boycott this movie it hurts community sentiments #boycotttrending,0.004268943436499467,0.2712806657821183,0.804
C0456,"I don't agree with your opinion, but I appreciate the respectful debate here.",30,0.63,0.164,19.4,0,i dont agree with your opinion but i appreciate the respectful debate here,0.015474919957310564,-0.9118994259907535,0.164
C0457,This person is a traitor! Stop spreading lies about our great country!,22,14.44,0.725,40.58,1,this person is a traitor stop spreading lies about our great country,0.011205976520811099,1.2638285456981089,0.725
C0458,Unbelievable development! Best leader of all time! Truly visionary leadership!,9,10.24,0.535,29.49,1,unbelievable development best leader of all time truly visionary leadership,0.004268943436499467,0.6021299590874486,0.535
C0459,This is the best government in history. Clean sweep in next elections! #PropagandaCampaign,7,3.73,0.619,16.26,1,this is the best government in history clean sweep in next elections #propagandacampaign,0.0032017075773746,-0.4235028501590754,0.619
C0460,Don't listen to this fake news! The truth is hidden by mainstream media!,7,11.18,0.801,35.85,1,dont listen to this fake news the truth is hidden by mainstream media,0.0032017075773746,0.7502244046622154,0.801
C0461,"I don't agree with your opinion, but I appreciate the respectful debate here.",568,0.64,0.423,13.89,0,i dont agree with your opinion but i appreciate the respectful debate here,0.3025613660618997,-0.91032395316549,0.423
C0462,"Haha that is so funny, thanks for making my day!",727,0.27,0.131,7.57,0,haha that is so funny thanks for making my day,0.38740661686232664,-0.9686164477002386,0.131
C0463,"Worst brand ever! Total scam, do not buy their products! SCAMMER!!",13,13.07,0.929,37.09,1,worst brand ever total scam do not buy their products scammer,0.0064034151547492,1.0479887686370126,0.929
C0464,That match last night was insane! What a finish in the last minute.,1560,0.48,0.079,4.43,0,that match last night was insane what a finish in the last minute,0.8319103521878336,-0.9355315183697057,0.079
C0465,Earn passive income easily. Sign up using code BOT999. Real cash!,17,15.33,0.778,44.79,1,earn passive income easily sign up using code bot real cash,0.008537886872998933,1.4040456271465585,0.778
C0466,Just finished reading this book. Highly recommend it to everyone.,1412,0.78,0.096,12.72,0,just finished reading this book highly recommend it to everyone,0.7529348986125934,-0.8882673336118012,0.096
C0467,SUPPORT THIS LEADER FOR BETTER FUTURE! DO NOT TRUST THE OPPOSITION!! #Victory2026,35,9.54,0.768,24.43,1,support this leader for better future do not trust the opposition #victory,0.01814300960512273,0.49184686131900496,0.768
C0468,Beautiful weather today. Going out for a cup of coffee.,30,0.28,0.129,7.06,0,beautiful weather today going out for a cup of coffee,0.015474919957310564,-0.9670409748749751,0.129
C0469,CLICK HERE TO EARN $500 DAILY WORKING FROM HOME! 100% REAL LINK IN BIO!!!,42,14.05,0.78,41.7,1,click here to earn daily working from home real link in bio,0.021878335112059766,1.2023851055128336,0.78
C0470,Can someone explain how to solve the 3rd question in the ML assignment?,1262,0.85,0.0,13.03,0,can someone explain how to solve the rd question in the ml assignment,0.6728922091782285,-0.877239023834957,0.0
C0471,Struggling with coding errors all day... need a break lol. !!,1103,0.61,0.214,12.29,0,struggling with coding errors all day need a break lol,0.5880469583778015,-0.9150503716412803,0.214
C0472,Just finished reading this book. Highly recommend it to everyone.,502,0.05,0.085,25.39,0,just finished reading this book highly recommend it to everyone,0.2673425827107791,-1.0032768498560352,0.085
C0473,The customer service was really helpful and sorted my issue in 5 minutes.,605,0.05,0.223,16.28,0,the customer service was really helpful and sorted my issue in minutes,0.3223052294557098,-1.0032768498560352,0.223
C0474,Can someone explain how to solve the 3rd question in the ML assignment? !!,1314,0.64,0.235,21.2,0,can someone explain how to solve the rd question in the ml assignment,0.7006403415154749,-0.91032395316549,0.235
C0475,"Wow, that sunset is gorgeous! Thanks for sharing the photo.",501,0.22,0.041,10.67,0,wow that sunset is gorgeous thanks for sharing the photo,0.2668089647812167,-0.976493811826556,0.041
C0476,AMAZING OFFER! GET FREE CRYPTO NOW! CLICK LINK BELOW!!! #MUSTWATCH,49,17.73,0.835,47.66,1,amazing offer get free crypto now click link below #mustwatch,0.025613660618996798,1.7821591052097934,0.835
C0477,THE TRUTH HAS BEEN EXPOSED! WATCH THIS VIDEO BEFORE IT GETS DELETED!!!,75,4.72,0.717,7.54,1,the truth has been exposed watch this video before it gets deleted,0.03948772678762007,-0.26753104045799114,0.717
C0478,CLICK HERE TO EARN $500 DAILY WORKING FROM HOME! 100% REAL LINK IN BIO!!!,28,16.68,0.924,48.68,1,click here to earn daily working from home real link in bio,0.0144076840981857,1.6167344585571282,0.924
C0479,SUPPORT #LEADER2026 NOW! SHARE THIS MESSAGE TO 10 GROUPS NOW!!! #MUSTWATCH,15,10.99,0.654,28.83,1,support #leader now share this message to groups now #mustwatch,0.007470651013874066,0.7202904209822094,0.654
C0480,Unbelievable development! Best leader of all time! Truly visionary leadership! #ALERT,1,10.28,0.957,34.84,1,unbelievable development best leader of all time truly visionary leadership #alert,0.0,0.6084318503885023,0.957
C0481,SUPPORT #LEADER2026 NOW! SHARE THIS MESSAGE TO 10 GROUPS NOW!!!,13,11.4,0.714,36.18,1,support #leader now share this message to groups now,0.0064034151547492,0.784884806818012,0.714
C0482,Follow my account for free premium tips and tricks. Guaranteed success!,28,7.27,0.652,20.0,1,follow my account for free premium tips and tricks guaranteed success,0.0144076840981857,0.1342145299841956,0.652
C0483,What a great performance by the team. Very happy with the result.,789,0.58,0.069,14.12,0,what a great performance by the team very happy with the result,0.4204909284951975,-0.9197767901170708,0.069
C0484,What a great performance by the team. Very happy with the result.,610,0.5,0.205,12.03,0,what a great performance by the team very happy with the result,0.3249733191035219,-0.9323805727191786,0.205
C0485,Earn passive income easily. Sign up using code BOT999. Real cash!,15,7.61,0.757,17.86,1,earn passive income easily sign up using code bot real cash,0.007470651013874066,0.18778060604315397,0.757
C0486,"Wow, that sunset is gorgeous! Thanks for sharing the photo. 😊",658,0.47,0.173,13.2,0,wow that sunset is gorgeous thanks for sharing the photo,0.35058697972251873,-0.9371069911949691,0.173
C0487,This is the best government in history. Clean sweep in next elections! #PropagandaCampaign #ALERT,53,15.62,0.787,42.74,1,this is the best government in history clean sweep in next elections #propagandacampaign #alert,0.02774813233724653,1.4497343390791992,0.787
C0488,This channel is biased and spreading fake propaganda. Ban them!,15,14.12,0.555,40.1,1,this channel is biased and spreading fake propaganda ban them,0.007470651013874066,1.2134134152896776,0.555
C0489,This is the best government in history. Clean sweep in next elections! #PropagandaCampaign #MUSTWATCH,24,7.28,0.877,23.5,1,this is the best government in history clean sweep in next elections #propagandacampaign #mustwatch,0.012273212379935967,0.1357900028094592,0.877
C0490,This channel is biased and spreading fake propaganda. Ban them!,18,7.75,0.695,19.69,1,this channel is biased and spreading fake propaganda ban them,0.009071504802561366,0.2098372255968426,0.695
C0491,Does anyone know if the local train is running on schedule today?,453,0.52,0.199,16.81,0,does anyone know if the local train is running on schedule today,0.24119530416221985,-0.9292296270686516,0.199
C0492,CLICK HERE TO EARN $500 DAILY WORKING FROM HOME! 100% REAL LINK IN BIO!!!,5,4.7,1.0,13.74,1,click here to earn daily working from home real link in bio,0.0021344717182497333,-0.270681986108518,1.0
C0493,"I don't agree with your opinion, but I appreciate the respectful debate here.",30,0.41,0.26,21.79,0,i dont agree with your opinion but i appreciate the respectful debate here,0.015474919957310564,-0.9465598281465499,0.26
C0494,This channel is biased and spreading fake propaganda. Ban them!,30,10.21,0.647,28.93,1,this channel is biased and spreading fake propaganda ban them,0.015474919957310564,0.5974035406116582,0.647
C0495,SUPPORT #LEADER2026 NOW! SHARE THIS MESSAGE TO 10 GROUPS NOW!!!,24,9.73,0.83,29.53,1,support #leader now share this message to groups now,0.012273212379935967,0.5217808449990112,0.83
C0496,That match last night was insane! What a finish in the last minute. ...,1234,0.53,0.181,10.04,0,that match last night was insane what a finish in the last minute,0.6579509071504803,-0.9276541542433882,0.181
C0497,"I'm not sure if this is correct, but let's see how it goes. ...",907,0.4,0.212,10.15,0,im not sure if this is correct but lets see how it goes,0.48345784418356463,-0.9481353009718134,0.212
C0498,"Haha that is so funny, thanks for making my day!",950,0.49,0.263,11.74,0,haha that is so funny thanks for making my day,0.5064034151547493,-0.9339560455444421,0.263
C0499,CLICK HERE TO EARN $500 DAILY WORKING FROM HOME! 100% REAL LINK IN BIO!!! #JOINNOW,27,6.21,0.699,21.09,1,click here to earn daily working from home real link in bio #joinnow,0.013874066168623266,-0.03278558949373296,0.699
C0500,This is the best government in history. Clean sweep in next elections! #PropagandaCampaign #MUSTWATCH,15,9.1,0.544,36.41,1,this is the best government in history clean sweep in next elections #propagandacampaign #mustwatch,0.007470651013874066,0.422526057007412,0.544
C0501,This is the best government in history. Clean sweep in next elections! #PropagandaCampaign,26,16.78,0.76,46.89,1,this is the best government in history clean sweep in next elections #propagandacampaign,0.013340448239060833,1.632489186809763,0.76
C0502,Unbelievable development! Best leader of all time! Truly visionary leadership! #ALERT,94,17.97,0.776,44.77,1,unbelievable development best leader of all time truly visionary leadership #alert,0.0496264674493063,1.8199704530161167,0.776
C0503,"Honestly, I think the movie was slightly overrated, but the acting was top tier. ...",722,0.84,0.209,1.0,0,honestly i think the movie was slightly overrated but the acting was top tier,0.38473852721451446,-0.8788144966602205,0.209
C0504,Just finished reading this book. Highly recommend it to everyone.,1062,0.56,0.148,10.06,0,just finished reading this book highly recommend it to everyone,0.5661686232657418,-0.9229277357675979,0.148
C0505,"Wow, that sunset is gorgeous! Thanks for sharing the photo.",1249,0.78,0.073,14.04,0,wow that sunset is gorgeous thanks for sharing the photo,0.6659551760939169,-0.8882673336118012,0.073
C0506,SUPPORT THIS LEADER FOR BETTER FUTURE! DO NOT TRUST THE OPPOSITION!! #Victory2026 #MUSTWATCH,11,16.58,0.736,43.22,1,support this leader for better future do not trust the opposition #victory #mustwatch,0.005336179295624333,1.6009797303044933,0.736
C0507,"Worst brand ever! Total scam, do not buy their products! SCAMMER!! #MUSTWATCH",95,9.26,0.914,24.94,1,worst brand ever total scam do not buy their products scammer #mustwatch,0.050160085378868735,0.44773362221162766,0.914
C0508,This is the best government in history. Clean sweep in next elections! #PropagandaCampaign #JOINNOW,11,14.06,0.886,40.86,1,this is the best government in history clean sweep in next elections #propagandacampaign #joinnow,0.005336179295624333,1.203960578338097,0.886
C0509,Does anyone know if the local train is running on schedule today? 😊,562,0.71,0.268,14.92,0,does anyone know if the local train is running on schedule today,0.2993596584845251,-0.8992956433886456,0.268
C0510,AMAZING OFFER! GET FREE CRYPTO NOW! CLICK LINK BELOW!!!,29,13.8,0.797,35.4,1,amazing offer get free crypto now click link below,0.014941302027748132,1.1629982848812466,0.797
C0511,"I don't agree with your opinion, but I appreciate the respectful debate here. haha",734,0.28,0.082,11.28,0,i dont agree with your opinion but i appreciate the respectful debate here haha,0.39114194236926364,-0.9670409748749751,0.082
C0512,"Wow, that sunset is gorgeous! Thanks for sharing the photo.",483,0.41,0.0,13.07,0,wow that sunset is gorgeous thanks for sharing the photo,0.2572038420490929,-0.9465598281465499,0.0
C0513,"I'm not sure if this is correct, but let's see how it goes.",800,0.25,0.216,16.69,0,im not sure if this is correct but lets see how it goes,0.42636072572038425,-0.9717673933507656,0.216
C0514,"Worst brand ever! Total scam, do not buy their products! SCAMMER!!",2,11.35,0.715,30.28,1,worst brand ever total scam do not buy their products scammer,0.0005336179295624333,0.7770074426916944,0.715
C0515,Earn passive income easily. Sign up using code BOT999. Real cash! #JOINNOW,10,8.95,0.9,26.29,1,earn passive income easily sign up using code bot real cash #joinnow,0.0048025613660619,0.3988939646284598,0.9
C0516,This is completely fake! Stop spreading negative rumors immediately!,12,5.84,0.784,19.24,1,this is completely fake stop spreading negative rumors immediately,0.005869797225186767,-0.09107808402848165,0.784
C0517,"I'm not sure if this is correct, but let's see how it goes.",809,0.05,0.27,7.73,0,im not sure if this is correct but lets see how it goes,0.43116328708644613,-1.0032768498560352,0.27
C0518,SUPPORT THIS LEADER FOR BETTER FUTURE! DO NOT TRUST THE OPPOSITION!! #Victory2026,66,13.34,0.5,35.6,1,support this leader for better future do not trust the opposition #victory,0.03468516542155817,1.0905265349191264,0.5
C0519,"I'm not sure if this is correct, but let's see how it goes.",1520,0.87,0.171,9.54,0,im not sure if this is correct but lets see how it goes,0.8105656350053363,-0.87408807818443,0.171
C0520,"I don't agree with your opinion, but I appreciate the respectful debate here. !!",1122,0.21,0.198,14.53,0,i dont agree with your opinion but i appreciate the respectful debate here,0.5981856990394878,-0.9780692846518195,0.198
C0521,Earn passive income easily. Sign up using code BOT999. Real cash!,25,7.38,0.808,19.98,1,earn passive income easily sign up using code bot real cash,0.012806830309498399,0.1515447310620939,0.808
C0522,SUPPORT THIS LEADER FOR BETTER FUTURE! DO NOT TRUST THE OPPOSITION!! #Victory2026 #MUSTWATCH,21,15.56,0.717,41.62,1,support this leader for better future do not trust the opposition #victory #mustwatch,0.010672358591248666,1.4402815021276185,0.717
C0523,AMAZING OFFER! GET FREE CRYPTO NOW! CLICK LINK BELOW!!! #MUSTWATCH,30,9.5,0.802,30.12,1,amazing offer get free crypto now click link below #mustwatch,0.015474919957310564,0.48554497001795116,0.802
C0524,Don't listen to this fake news! The truth is hidden by mainstream media!,2,7.87,0.899,21.97,1,dont listen to this fake news the truth is hidden by mainstream media,0.0005336179295624333,0.22874289950000434,0.899
C0525,This person is a traitor! Stop spreading lies about our great country! #JOINNOW,12,10.91,0.707,33.86,1,this person is a traitor stop spreading lies about our great country #joinnow,0.005869797225186767,0.7076866383801015,0.707
C0526,This channel is biased and spreading fake propaganda. Ban them! #ALERT,12,10.05,0.832,30.11,1,this channel is biased and spreading fake propaganda ban them #alert,0.005869797225186767,0.5721959754074425,0.832
C0527,"This recipe looks delicious, definitely trying it out this Sunday!",1140,0.46,0.189,11.48,0,this recipe looks delicious definitely trying it out this sunday,0.6077908217716116,-0.9386824640202326,0.189
C0528,This channel is biased and spreading fake propaganda. Ban them! #ALERT,3,11.74,1.0,38.91,1,this channel is biased and spreading fake propaganda ban them #alert,0.0010672358591248669,0.8384508828769702,1.0
C0529,"Wow, that sunset is gorgeous! Thanks for sharing the photo.",268,0.66,0.068,12.96,0,wow that sunset is gorgeous thanks for sharing the photo,0.1424759871931697,-0.907173007514963,0.068
C0530,THE TRUTH HAS BEEN EXPOSED! WATCH THIS VIDEO BEFORE IT GETS DELETED!!! #MUSTWATCH,43,12.27,0.811,34.12,1,the truth has been exposed watch this video before it gets deleted #mustwatch,0.0224119530416222,0.9219509426159344,0.811
C0531,AMAZING OFFER! GET FREE CRYPTO NOW! CLICK LINK BELOW!!!,11,12.81,0.766,35.16,1,amazing offer get free crypto now click link below,0.005336179295624333,1.0070264751801623,0.766
C0532,Unbelievable development! Best leader of all time! Truly visionary leadership!,14,12.56,0.8,37.5,1,unbelievable development best leader of all time truly visionary leadership,0.006937033084311634,0.9676396545485754,0.8
C0533,THE TRUTH HAS BEEN EXPOSED! WATCH THIS VIDEO BEFORE IT GETS DELETED!!! #MUSTWATCH,18,6.23,0.775,15.46,1,the truth has been exposed watch this video before it gets deleted #mustwatch,0.009071504802561366,-0.029634643843205934,0.775
C0534,AMAZING OFFER! GET FREE CRYPTO NOW! CLICK LINK BELOW!!!,2,6.33,0.746,25.08,1,amazing offer get free crypto now click link below,0.0005336179295624333,-0.013879915590571213,0.746
C0535,THE TRUTH HAS BEEN EXPOSED! WATCH THIS VIDEO BEFORE IT GETS DELETED!!! #ALERT,52,10.41,0.858,27.31,1,the truth has been exposed watch this video before it gets deleted #alert,0.0272145144076841,0.6289129971169276,0.858
C0536,"Honestly, I think the movie was slightly overrated, but the acting was top tier.",1641,0.42,0.187,16.85,0,honestly i think the movie was slightly overrated but the acting was top tier,0.8751334044823906,-0.9449843553212864,0.187
C0537,AMAZING OFFER! GET FREE CRYPTO NOW! CLICK LINK BELOW!!!,11,18.41,0.845,47.77,1,amazing offer get free crypto now click link below,0.005336179295624333,1.8892912573277099,0.845
C0538,I absolutely love this new update! The UI looks clean and crisp.,452,0.84,0.031,20.21,0,i absolutely love this new update the ui looks clean and crisp,0.24066168623265743,-0.8788144966602205,0.031
C0539,SUPPORT THIS LEADER FOR BETTER FUTURE! DO NOT TRUST THE OPPOSITION!! #Victory2026,38,12.77,0.782,32.39,1,support this leader for better future do not trust the opposition #victory,0.019743863393810034,1.0007245838791083,0.782
C0540,"I'm not sure if this is correct, but let's see how it goes.",234,0.05,0.162,4.37,0,im not sure if this is correct but lets see how it goes,0.12433297758804697,-1.0032768498560352,0.162
C0541,This person is a traitor! Stop spreading lies about our great country! #MUSTWATCH,1,7.46,0.773,20.62,1,this person is a traitor stop spreading lies about our great country #mustwatch,0.0,0.16414851366420175,0.773
C0542,Just finished reading this book. Highly recommend it to everyone.,30,0.44,0.391,15.92,0,just finished reading this book highly recommend it to everyone,0.015474919957310564,-0.9418334096707595,0.391
C0543,AMAZING OFFER! GET FREE CRYPTO NOW! CLICK LINK BELOW!!!,1,14.15,0.795,46.38,1,amazing offer get free crypto now click link below,0.0,1.2181398337654683,0.795
C0544,The customer service was really helpful and sorted my issue in 5 minutes.,886,0.82,0.078,12.6,0,the customer service was really helpful and sorted my issue in minutes,0.4722518676627535,-0.8819654423107474,0.078
C0545,This person is a traitor! Stop spreading lies about our great country!,112,18.19,0.881,46.65,1,this person is a traitor stop spreading lies about our great country,0.0592315901814301,1.8546308551719135,0.881
C0546,CLICK HERE TO EARN $500 DAILY WORKING FROM HOME! 100% REAL LINK IN BIO!!! #MUSTWATCH,4,15.92,0.711,38.12,1,click here to earn daily working from home real link in bio #mustwatch,0.0016008537886873,1.4969985238371035,0.711
C0547,"This recipe looks delicious, definitely trying it out this Sunday!",902,0.8,0.015,15.35,0,this recipe looks delicious definitely trying it out this sunday,0.48078975453575246,-0.8851163879612743,0.015
C0548,That match last night was insane! What a finish in the last minute. ...,1070,0.05,0.056,10.02,0,that match last night was insane what a finish in the last minute,0.5704375667022412,-1.0032768498560352,0.056
C0549,The customer service was really helpful and sorted my issue in 5 minutes.,728,0.28,0.07,20.36,0,the customer service was really helpful and sorted my issue in minutes,0.38794023479188905,-0.9670409748749751,0.07
C0550,CLICK HERE TO EARN $500 DAILY WORKING FROM HOME! 100% REAL LINK IN BIO!!!,20,11.57,0.803,33.62,1,click here to earn daily working from home real link in bio,0.010138740661686232,0.8116678448474911,0.803
C0551,"This recipe looks delicious, definitely trying it out this Sunday!",295,0.32,0.112,10.41,0,this recipe looks delicious definitely trying it out this sunday,0.1568836712913554,-0.9607390835739212,0.112
C0552,This is the best government in history. Clean sweep in next elections! #PropagandaCampaign #ALERT,30,13.57,0.97,38.4,1,this is the best government in history clean sweep in next elections #propagandacampaign #alert,0.015474919957310564,1.1267624099001865,0.97
C0553,This is completely fake! Stop spreading negative rumors immediately!,31,10.52,0.99,26.7,1,this is completely fake stop spreading negative rumors immediately,0.016008537886873,0.6462431981948258,0.99
C0554,This channel is biased and spreading fake propaganda. Ban them!,10,14.55,0.772,40.09,1,this channel is biased and spreading fake propaganda ban them,0.0048025613660619,1.2811587467760075,0.772
C0555,"Wow, that sunset is gorgeous! Thanks for sharing the photo. 👍",65,0.6,0.212,6.55,0,wow that sunset is gorgeous thanks for sharing the photo,0.03415154749199573,-0.9166258444665439,0.212
C0556,Follow my account for free premium tips and tricks. Guaranteed success!,96,11.38,0.607,29.2,1,follow my account for free premium tips and tricks guaranteed success,0.05069370330843117,0.7817338611674851,0.607
C0557,"I'm not sure if this is correct, but let's see how it goes.",1609,0.5,0.131,10.21,0,im not sure if this is correct but lets see how it goes,0.8580576307363929,-0.9323805727191786,0.131
C0558,SUPPORT THIS LEADER FOR BETTER FUTURE! DO NOT TRUST THE OPPOSITION!! #Victory2026,50,20.75,0.573,52.68,1,support this leader for better future do not trust the opposition #victory,0.026147278548559232,2.2579518984393636,0.573
C0559,Boycott this movie! It hurts community sentiments! #BoycottTrending #JOINNOW,6,11.67,0.629,33.08,1,boycott this movie it hurts community sentiments #boycotttrending #joinnow,0.002668089647812167,0.8274225731001258,0.629
C0560,The customer service was really helpful and sorted my issue in 5 minutes. 😊,628,0.68,0.0,14.31,0,the customer service was really helpful and sorted my issue in minutes,0.3345784418356457,-0.9040220618644361,0.0
C0561,This person is a traitor! Stop spreading lies about our great country! #JOINNOW,18,9.13,0.819,27.41,1,this person is a traitor stop spreading lies about our great country #joinnow,0.009071504802561366,0.4272524754832026,0.819
C0562,Follow my account for free premium tips and tricks. Guaranteed success!,7,12.17,0.851,35.13,1,follow my account for free premium tips and tricks guaranteed success,0.0032017075773746,0.9061962143632997,0.851
C0563,Earn passive income easily. Sign up using code BOT999. Real cash!,43,11.66,0.651,29.12,1,earn passive income easily sign up using code bot real cash,0.0224119530416222,0.8258471002748623,0.651
C0564,"I don't agree with your opinion, but I appreciate the respectful debate here.",1132,0.92,0.268,13.16,0,i dont agree with your opinion but i appreciate the respectful debate here,0.6035218783351122,-0.8662107140581126,0.268
C0565,Boycott this movie! It hurts community sentiments! #BoycottTrending #ALERT,45,7.19,0.762,20.72,1,boycott this movie it hurts community sentiments #boycotttrending #alert,0.023479188900747065,0.12161074738208791,0.762
C0566,"Haha that is so funny, thanks for making my day! !!",299,0.68,0.238,9.74,0,haha that is so funny thanks for making my day,0.15901814300960512,-0.9040220618644361,0.238
C0567,"I'm not sure if this is correct, but let's see how it goes. ...",611,0.58,0.106,11.67,0,im not sure if this is correct but lets see how it goes,0.32550693703308436,-0.9197767901170708,0.106
C0568,What a great performance by the team. Very happy with the result.,1639,0.43,0.114,8.76,0,what a great performance by the team very happy with the result,0.8740661686232658,-0.9434088824960231,0.114
C0569,That match last night was insane! What a finish in the last minute.,1097,0.45,0.085,18.61,0,that match last night was insane what a finish in the last minute,0.5848452508004269,-0.940257936845496,0.085
C0570,This channel is biased and spreading fake propaganda. Ban them! #ALERT,15,12.99,0.818,37.03,1,this channel is biased and spreading fake propaganda ban them #alert,0.007470651013874066,1.035384986034905,0.818
C0571,Earn passive income easily. Sign up using code BOT999. Real cash!,14,14.35,0.718,42.55,1,earn passive income easily sign up using code bot real cash,0.006937033084311634,1.2496492902707377,0.718
C0572,Just finished reading this book. Highly recommend it to everyone. haha,30,0.77,0.029,15.65,0,just finished reading this book highly recommend it to everyone haha,0.015474919957310564,-0.8898428064370647,0.029
C0573,Just finished reading this book. Highly recommend it to everyone.,805,0.21,0.109,15.43,0,just finished reading this book highly recommend it to everyone,0.4290288153681964,-0.9780692846518195,0.109
C0574,Struggling with coding errors all day... need a break lol.,842,0.68,0.348,4.18,0,struggling with coding errors all day need a break lol,0.44877267876200644,-0.9040220618644361,0.348
C0575,Can someone explain how to solve the 3rd question in the ML assignment?,1446,0.53,0.06,5.35,0,can someone explain how to solve the rd question in the ml assignment,0.7710779082177162,-0.9276541542433882,0.06
C0576,Earn passive income easily. Sign up using code BOT999. Real cash! #MUSTWATCH,68,17.64,0.751,44.62,1,earn passive income easily sign up using code bot real cash #mustwatch,0.035752401280683035,1.7679798497824222,0.751
C0577,"Honestly, I think the movie was slightly overrated, but the acting was top tier.",30,0.62,0.017,9.25,0,honestly i think the movie was slightly overrated but the acting was top tier,0.015474919957310564,-0.913474898816017,0.017
C0578,Unbelievable development! Best leader of all time! Truly visionary leadership!,58,7.9,0.5,22.45,1,unbelievable development best leader of all time truly visionary leadership,0.030416221985058698,0.23346931797579482,0.5
C0579,THE TRUTH HAS BEEN EXPOSED! WATCH THIS VIDEO BEFORE IT GETS DELETED!!! #ALERT,50,10.09,0.915,30.84,1,the truth has been exposed watch this video before it gets deleted #alert,0.026147278548559232,0.5784978667084963,0.915
C0580,Unbelievable development! Best leader of all time! Truly visionary leadership! #ALERT,32,14.96,0.587,41.76,1,unbelievable development best leader of all time truly visionary leadership #alert,0.016542155816435433,1.3457531326118102,0.587
C0581,"I'm not sure if this is correct, but let's see how it goes. ...",598,0.48,0.185,9.56,0,im not sure if this is correct but lets see how it goes,0.3185699039487727,-0.9355315183697057,0.185
C0582,Boycott this movie! It hurts community sentiments! #BoycottTrending,1,14.76,0.5,39.66,1,boycott this movie it hurts community sentiments #boycotttrending,0.0,1.3142436761065401,0.5
C0583,Can someone explain how to solve the 3rd question in the ML assignment?,390,0.19,0.075,18.09,0,can someone explain how to solve the rd question in the ml assignment,0.20757737459978656,-0.9812202303023464,0.075
C0584,Boycott this movie! It hurts community sentiments! #BoycottTrending,57,15.28,0.593,38.32,1,boycott this movie it hurts community sentiments #boycotttrending,0.029882604055496267,1.396168263020241,0.593
C0585,"I don't agree with your opinion, but I appreciate the respectful debate here. haha",1277,0.21,0.104,14.31,0,i dont agree with your opinion but i appreciate the respectful debate here haha,0.680896478121665,-0.9780692846518195,0.104
C0586,This person is a traitor! Stop spreading lies about our great country!,14,17.84,0.594,47.1,1,this person is a traitor stop spreading lies about our great country,0.006937033084311634,1.7994893062876915,0.594
C0587,Follow my account for free premium tips and tricks. Guaranteed success!,24,12.91,0.7,37.64,1,follow my account for free premium tips and tricks guaranteed success,0.012273212379935967,1.022781203432797,0.7
C0588,CLICK HERE TO EARN $500 DAILY WORKING FROM HOME! 100% REAL LINK IN BIO!!!,46,14.27,0.813,33.61,1,click here to earn daily working from home real link in bio,0.0240128068303095,1.23704550766863,0.813
C0589,Boycott this movie! It hurts community sentiments! #BoycottTrending,38,15.17,0.754,41.78,1,boycott this movie it hurts community sentiments #boycotttrending,0.019743863393810034,1.3788380619423428,0.754
C0590,I absolutely love this new update! The UI looks clean and crisp.,1598,1.43,0.211,11.08,0,i absolutely love this new update the ui looks clean and crisp,0.8521878335112061,-0.7858615999696753,0.211
C0591,Earn passive income easily. Sign up using code BOT999. Real cash! #MUSTWATCH,53,16.33,0.919,45.62,1,earn passive income easily sign up using code bot real cash #mustwatch,0.02774813233724653,1.5615929096729062,0.919
C0592,What a great performance by the team. Very happy with the result.,770,0.83,0.242,9.89,0,what a great performance by the team very happy with the result,0.41035218783351124,-0.8803899694854839,0.242
C0593,CLICK HERE TO EARN $500 DAILY WORKING FROM HOME! 100% REAL LINK IN BIO!!! #ALERT,50,14.71,0.733,35.97,1,click here to earn daily working from home real link in bio #alert,0.026147278548559232,1.3063663119802233,0.733
C0594,Boycott this movie! It hurts community sentiments! #BoycottTrending #ALERT,13,16.23,0.913,46.83,1,boycott this movie it hurts community sentiments #boycotttrending #alert,0.0064034151547492,1.5458381814202717,0.913
C0595,"Honestly, I think the movie was slightly overrated, but the acting was top tier. !!",835,0.05,0.143,14.27,0,honestly i think the movie was slightly overrated but the acting was top tier,0.44503735325506943,-1.0032768498560352,0.143
C0596,CLICK HERE TO EARN $500 DAILY WORKING FROM HOME! 100% REAL LINK IN BIO!!!,40,9.86,0.765,27.44,1,click here to earn daily working from home real link in bio,0.0208110992529349,0.5422619917274363,0.765
C0597,SUPPORT THIS LEADER FOR BETTER FUTURE! DO NOT TRUST THE OPPOSITION!! #Victory2026,55,11.76,0.855,33.97,1,support this leader for better future do not trust the opposition #victory,0.0288153681963714,0.8416018285274971,0.855
C0598,THE TRUTH HAS BEEN EXPOSED! WATCH THIS VIDEO BEFORE IT GETS DELETED!!! #JOINNOW,51,7.99,0.86,22.57,1,the truth has been exposed watch this video before it gets deleted #joinnow,0.026680896478121666,0.2476485734031661,0.86
C0599,Don't listen to this fake news! The truth is hidden by mainstream media!,2,19.28,0.805,52.39,1,dont listen to this fake news the truth is hidden by mainstream media,0.0005336179295624333,2.0263573931256325,0.805
C0600,Does anyone know if the local train is running on schedule today?,907,0.57,0.289,7.02,0,does anyone know if the local train is running on schedule today,0.48345784418356463,-0.9213522629423343,0.289
C0601,This is completely fake! Stop spreading negative rumors immediately!,61,10.88,0.743,26.56,1,this is completely fake stop spreading negative rumors immediately,0.032017075773746,0.7029602199043112,0.743
C0602,AMAZING OFFER! GET FREE CRYPTO NOW! CLICK LINK BELOW!!!,11,13.51,0.897,36.28,1,amazing offer get free crypto now click link below,0.005336179295624333,1.1173095729486056,0.897
C0603,The customer service was really helpful and sorted my issue in 5 minutes.,1108,0.83,0.343,12.35,0,the customer service was really helpful and sorted my issue in minutes,0.5907150480256137,-0.8803899694854839,0.343
C0604,Follow my account for free premium tips and tricks. Guaranteed success!,11,9.44,0.676,23.99,1,follow my account for free premium tips and tricks guaranteed success,0.005336179295624333,0.4760921330663702,0.676
C0605,Follow my account for free premium tips and tricks. Guaranteed success!,30,16.87,0.696,43.62,1,follow my account for free premium tips and tricks guaranteed success,0.015474919957310564,1.6466684422371345,0.696
C0606,Earn passive income easily. Sign up using code BOT999. Real cash! #JOINNOW,46,11.39,0.736,26.05,1,earn passive income easily sign up using code bot real cash #joinnow,0.0240128068303095,0.7833093339927485,0.736
C0607,Can someone explain how to solve the 3rd question in the ML assignment? ...,353,0.87,0.134,9.26,0,can someone explain how to solve the rd question in the ml assignment,0.18783351120597652,-0.87408807818443,0.134
C0608,SUPPORT #LEADER2026 NOW! SHARE THIS MESSAGE TO 10 GROUPS NOW!!! #JOINNOW,87,17.55,0.938,40.97,1,support #leader now share this message to groups now #joinnow,0.04589114194236926,1.7538005943550508,0.938
C0609,SUPPORT #LEADER2026 NOW! SHARE THIS MESSAGE TO 10 GROUPS NOW!!!,17,14.08,0.75,40.13,1,support #leader now share this message to groups now,0.008537886872998933,1.2071115239886239,0.75
C0610,Follow my account for free premium tips and tricks. Guaranteed success!,10,9.97,0.6,25.44,1,follow my account for free premium tips and tricks guaranteed success,0.0048025613660619,0.5595921928053347,0.6
C0611,Can someone explain how to solve the 3rd question in the ML assignment? ...,830,0.95,0.089,8.79,0,can someone explain how to solve the rd question in the ml assignment,0.44236926360725726,-0.8614842955823221,0.089
C0612,"Worst brand ever! Total scam, do not buy their products! SCAMMER!! #JOINNOW",13,18.81,0.62,49.42,1,worst brand ever total scam do not buy their products scammer #joinnow,0.0064034151547492,1.9523101703382488,0.62
C0613,"I don't agree with your opinion, but I appreciate the respectful debate here. haha",766,0.07,0.058,6.98,0,i dont agree with your opinion but i appreciate the respectful debate here haha,0.40821771611526153,-1.0001259042055082,0.058
C0614,Does anyone know if the local train is running on schedule today? haha,882,0.52,0.078,12.88,0,does anyone know if the local train is running on schedule today haha,0.4701173959445038,-0.9292296270686516,0.078
C0615,Follow my account for free premium tips and tricks. Guaranteed success! #JOINNOW,3,11.67,0.822,34.62,1,follow my account for free premium tips and tricks guaranteed success #joinnow,0.0010672358591248669,0.8274225731001258,0.822
C0616,This is completely fake! Stop spreading negative rumors immediately!,30,8.75,0.644,27.86,1,this is completely fake stop spreading negative rumors immediately,0.015474919957310564,0.36738450812319035,0.644
C0617,Earn passive income easily. Sign up using code BOT999. Real cash!,1,16.76,0.922,42.13,1,earn passive income easily sign up using code bot real cash,0.0,1.6293382411592363,0.922
C0618,Unbelievable development! Best leader of all time! Truly visionary leadership!,10,15.7,0.922,44.56,1,unbelievable development best leader of all time truly visionary leadership,0.0048025613660619,1.4623381216813074,0.922
C0619,THE TRUTH HAS BEEN EXPOSED! WATCH THIS VIDEO BEFORE IT GETS DELETED!!!,88,11.14,0.833,33.44,1,the truth has been exposed watch this video before it gets deleted,0.046424759871931696,0.7439225133611616,0.833
C0620,The customer service was really helpful and sorted my issue in 5 minutes.,1089,0.24,0.32,12.22,0,the customer service was really helpful and sorted my issue in minutes,0.5805763073639275,-0.973342866176029,0.32
C0621,"Wow, that sunset is gorgeous! Thanks for sharing the photo.",697,0.4,0.0,11.45,0,wow that sunset is gorgeous thanks for sharing the photo,0.3713980789754536,-0.9481353009718134,0.0
C0622,"Worst brand ever! Total scam, do not buy their products! SCAMMER!!",55,13.99,0.868,34.17,1,worst brand ever total scam do not buy their products scammer,0.0288153681963714,1.1929322685612527,0.868
C0623,"Worst brand ever! Total scam, do not buy their products! SCAMMER!! #MUSTWATCH",114,8.54,0.783,21.6,1,worst brand ever total scam do not buy their products scammer #mustwatch,0.06029882604055497,0.3342995787926572,0.783
C0624,The customer service was really helpful and sorted my issue in 5 minutes. 😊,875,0.05,0.106,20.39,0,the customer service was really helpful and sorted my issue in minutes,0.46638207043756674,-1.0032768498560352,0.106
C0625,I absolutely love this new update! The UI looks clean and crisp.,603,0.5,0.141,19.84,0,i absolutely love this new update the ui looks clean and crisp,0.3212379935965849,-0.9323805727191786,0.141
C0626,"Worst brand ever! Total scam, do not buy their products! SCAMMER!!",9,17.16,0.74,48.24,1,worst brand ever total scam do not buy their products scammer,0.004268943436499467,1.692357154169775,0.74
C0627,Does anyone know if the local train is running on schedule today?,917,0.43,0.072,8.55,0,does anyone know if the local train is running on schedule today,0.48879402347918893,-0.9434088824960231,0.072
C0628,Earn passive income easily. Sign up using code BOT999. Real cash! #JOINNOW,10,18.82,0.764,56.39,1,earn passive income easily sign up using code bot real cash #joinnow,0.0048025613660619,1.9538856431635125,0.764
C0629,"Wow, that sunset is gorgeous! Thanks for sharing the photo.",1198,0.62,0.195,5.0,0,wow that sunset is gorgeous thanks for sharing the photo,0.6387406616862327,-0.913474898816017,0.195
C0630,Struggling with coding errors all day... need a break lol.,882,0.93,0.218,12.77,0,struggling with coding errors all day need a break lol,0.4701173959445038,-0.8646352412328492,0.218
C0631,Follow my account for free premium tips and tricks. Guaranteed success!,3,18.85,0.882,51.35,1,follow my account for free premium tips and tricks guaranteed success,0.0010672358591248669,1.958612061639303,0.882
C0632,"This recipe looks delicious, definitely trying it out this Sunday! haha",1229,1.21,0.071,5.09,0,this recipe looks delicious definitely trying it out this sunday haha,0.6552828175026681,-0.8205220021254718,0.071
C0633,Unbelievable development! Best leader of all time! Truly visionary leadership! #JOINNOW,68,16.43,0.877,49.1,1,unbelievable development best leader of all time truly visionary leadership #joinnow,0.035752401280683035,1.5773476379255411,0.877
C0634,THE TRUTH HAS BEEN EXPOSED! WATCH THIS VIDEO BEFORE IT GETS DELETED!!!,9,9.0,0.727,32.21,1,the truth has been exposed watch this video before it gets deleted,0.004268943436499467,0.4067713287547773,0.727
C0635,That match last night was insane! What a finish in the last minute.,1597,0.27,0.095,16.3,0,that match last night was insane what a finish in the last minute,0.8516542155816437,-0.9686164477002386,0.095
C0636,That match last night was insane! What a finish in the last minute. 👍,645,0.49,0.153,2.4,0,that match last night was insane what a finish in the last minute,0.3436499466382071,-0.9339560455444421,0.153
C0637,AMAZING OFFER! GET FREE CRYPTO NOW! CLICK LINK BELOW!!!,2,15.17,0.798,43.58,1,amazing offer get free crypto now click link below,0.0005336179295624333,1.3788380619423428,0.798
C0638,Don't listen to this fake news! The truth is hidden by mainstream media!,16,10.5,0.649,32.89,1,dont listen to this fake news the truth is hidden by mainstream media,0.0080042689434365,0.6430922525442989,0.649
C0639,This channel is biased and spreading fake propaganda. Ban them! #ALERT,6,14.17,0.675,40.53,1,this channel is biased and spreading fake propaganda ban them #alert,0.002668089647812167,1.2212907794159953,0.675
C0640,That match last night was insane! What a finish in the last minute.,865,0.29,0.183,6.96,0,that match last night was insane what a finish in the last minute,0.46104589114194244,-0.9654655020497117,0.183
C0641,"I don't agree with your opinion, but I appreciate the respectful debate here. haha",353,0.53,0.0,1.28,0,i dont agree with your opinion but i appreciate the respectful debate here haha,0.18783351120597652,-0.9276541542433882,0.0
C0642,CLICK HERE TO EARN $500 DAILY WORKING FROM HOME! 100% REAL LINK IN BIO!!!,14,14.13,0.858,41.27,1,click here to earn daily working from home real link in bio,0.006937033084311634,1.2149888881149413,0.858
C0643,This channel is biased and spreading fake propaganda. Ban them!,12,7.42,0.636,25.07,1,this channel is biased and spreading fake propaganda ban them,0.005869797225186767,0.1578466223631478,0.636
C0644,"Worst brand ever! Total scam, do not buy their products! SCAMMER!!",63,12.04,0.772,29.4,1,worst brand ever total scam do not buy their products scammer,0.033084311632870865,0.8857150676348743,0.772
C0645,Beautiful weather today. Going out for a cup of coffee.,870,1.4,0.187,10.43,0,beautiful weather today going out for a cup of coffee,0.46371398078975457,-0.7905880184454658,0.187
C0646,Just finished reading this book. Highly recommend it to everyone.,1168,0.64,0.192,15.03,0,just finished reading this book highly recommend it to everyone,0.6227321237993597,-0.91032395316549,0.192
C0647,Does anyone know if the local train is running on schedule today?,1622,0.16,0.197,7.37,0,does anyone know if the local train is running on schedule today,0.8649946638207044,-0.9859466487781369,0.197
C0648,This is the best government in history. Clean sweep in next elections! #PropagandaCampaign #MUSTWATCH,6,7.85,0.889,24.66,1,this is the best government in history clean sweep in next elections #propagandacampaign #mustwatch,0.002668089647812167,0.2255919538494773,0.889
C0649,Struggling with coding errors all day... need a break lol. 👍,1497,0.42,0.192,8.1,0,struggling with coding errors all day need a break lol,0.7982924226254002,-0.9449843553212864,0.192
C0650,Unbelievable development! Best leader of all time! Truly visionary leadership! #ALERT,8,10.85,1.0,33.02,1,unbelievable development best leader of all time truly visionary leadership #alert,0.0037353255069370334,0.6982338014285205,1.0
C0651,Unbelievable development! Best leader of all time! Truly visionary leadership!,9,11.42,0.729,30.89,1,unbelievable development best leader of all time truly visionary leadership,0.004268943436499467,0.7880357524685389,0.729
C0652,AMAZING OFFER! GET FREE CRYPTO NOW! CLICK LINK BELOW!!!,97,9.21,0.923,29.44,1,amazing offer get free crypto now click link below,0.051227321237993596,0.4398562580853104,0.923
C0653,"Haha that is so funny, thanks for making my day! !!",165,0.05,0.337,13.95,0,haha that is so funny thanks for making my day,0.08751334044823907,-1.0032768498560352,0.337
C0654,Struggling with coding errors all day... need a break lol. 😊,452,0.66,0.0,12.02,0,struggling with coding errors all day need a break lol,0.24066168623265743,-0.907173007514963,0.0
C0655,Does anyone know if the local train is running on schedule today? 👍,931,0.78,0.049,12.43,0,does anyone know if the local train is running on schedule today,0.496264674493063,-0.8882673336118012,0.049
C0656,What a great performance by the team. Very happy with the result.,429,0.58,0.06,9.96,0,what a great performance by the team very happy with the result,0.22838847385272146,-0.9197767901170708,0.06
C0657,"Worst brand ever! Total scam, do not buy their products! SCAMMER!! #ALERT",36,10.11,0.646,28.08,1,worst brand ever total scam do not buy their products scammer #alert,0.018676627534685165,0.5816488123590232,0.646
C0658,I absolutely love this new update! The UI looks clean and crisp.,870,0.05,0.176,11.77,0,i absolutely love this new update the ui looks clean and crisp,0.46371398078975457,-1.0032768498560352,0.176
C0659,"Haha that is so funny, thanks for making my day! haha",494,1.11,0.246,6.52,0,haha that is so funny thanks for making my day haha,0.2630736392742796,-0.8362767303781065,0.246
C0660,Unbelievable development! Best leader of all time! Truly visionary leadership!,1,15.35,0.834,48.6,1,unbelievable development best leader of all time truly visionary leadership,0.0,1.4071965727970854,0.834
C0661,This channel is biased and spreading fake propaganda. Ban them! #JOINNOW,55,13.45,0.841,29.62,1,this channel is biased and spreading fake propaganda ban them #joinnow,0.0288153681963714,1.1078567359970246,0.841
C0662,Don't listen to this fake news! The truth is hidden by mainstream media!,48,11.25,0.642,30.12,1,dont listen to this fake news the truth is hidden by mainstream media,0.025080042689434368,0.7612527144390597,0.642
C0663,"I don't agree with your opinion, but I appreciate the respectful debate here.",479,0.48,0.274,9.71,0,i dont agree with your opinion but i appreciate the respectful debate here,0.25506937033084315,-0.9355315183697057,0.274
C0664,Unbelievable development! Best leader of all time! Truly visionary leadership!,70,10.9,0.913,30.24,1,unbelievable development best leader of all time truly visionary leadership,0.0368196371398079,0.7061111655548381,0.913
C0665,I absolutely love this new update! The UI looks clean and crisp. haha,817,0.56,0.094,11.03,0,i absolutely love this new update the ui looks clean and crisp haha,0.4354322305229456,-0.9229277357675979,0.094
C0666,Can someone explain how to solve the 3rd question in the ML assignment?,534,0.41,0.285,6.61,0,can someone explain how to solve the rd question in the ml assignment,0.284418356456777,-0.9465598281465499,0.285
C0667,Earn passive income easily. Sign up using code BOT999. Real cash!,13,9.25,0.725,26.92,1,earn passive income easily sign up using code bot real cash,0.0064034151547492,0.4461581493863642,0.725
C0668,This is the best government in history. Clean sweep in next elections! #PropagandaCampaign,14,19.05,0.766,55.79,1,this is the best government in history clean sweep in next elections #propagandacampaign,0.006937033084311634,1.9901215181445726,0.766
C0669,Can someone explain how to solve the 3rd question in the ML assignment? ...,1187,0.44,0.361,13.34,0,can someone explain how to solve the rd question in the ml assignment,0.6328708644610459,-0.9418334096707595,0.361
C0670,This channel is biased and spreading fake propaganda. Ban them!,3,18.05,0.855,54.34,1,this channel is biased and spreading fake propaganda ban them,0.0010672358591248669,1.8325742356182249,0.855
C0671,This person is a traitor! Stop spreading lies about our great country!,46,15.0,0.875,36.77,1,this person is a traitor stop spreading lies about our great country,0.0240128068303095,1.352055023912864,0.875
C0672,AMAZING OFFER! GET FREE CRYPTO NOW! CLICK LINK BELOW!!!,34,12.23,0.968,35.97,1,amazing offer get free crypto now click link below,0.0176093916755603,0.9156490513148806,0.968
C0673,That match last night was insane! What a finish in the last minute.,622,0.36,0.18,14.32,0,that match last night was insane what a finish in the last minute,0.33137673425827113,-0.9544371922728673,0.18
C0674,I absolutely love this new update! The UI looks clean and crisp.,878,0.59,0.32,17.36,0,i absolutely love this new update the ui looks clean and crisp,0.46798292422625404,-0.9182013172918074,0.32
C0675,Don't listen to this fake news! The truth is hidden by mainstream media!,66,19.46,0.933,50.07,1,dont listen to this fake news the truth is hidden by mainstream media,0.03468516542155817,2.0547159039803753,0.933
C0676,This is completely fake! Stop spreading negative rumors immediately!,38,7.13,0.698,18.97,1,this is completely fake stop spreading negative rumors immediately,0.019743863393810034,0.11215791043050696,0.698
C0677,AMAZING OFFER! GET FREE CRYPTO NOW! CLICK LINK BELOW!!! #MUSTWATCH,12,8.97,0.718,29.38,1,amazing offer get free crypto now click link below #mustwatch,0.005869797225186767,0.402044910278987,0.718
C0678,"This recipe looks delicious, definitely trying it out this Sunday!",737,0.09,0.153,13.11,0,this recipe looks delicious definitely trying it out this sunday,0.39274279615795094,-0.9969749585549813,0.153
C0679,This person is a traitor! Stop spreading lies about our great country! #ALERT,15,10.08,0.861,32.54,1,this person is a traitor stop spreading lies about our great country #alert,0.007470651013874066,0.5769223938832329,0.861
C0680,"I'm not sure if this is correct, but let's see how it goes.",536,0.76,0.041,16.45,0,im not sure if this is correct but lets see how it goes,0.28548559231590187,-0.8914182792623283,0.041
C0681,Struggling with coding errors all day... need a break lol.,868,0.67,0.032,7.52,0,struggling with coding errors all day need a break lol,0.46264674493062974,-0.9055975346896995,0.032
C0682,This is the best government in history. Clean sweep in next elections! #PropagandaCampaign #MUSTWATCH,7,7.95,0.884,19.95,1,this is the best government in history clean sweep in next elections #propagandacampaign #mustwatch,0.0032017075773746,0.24134668210211216,0.884
C0683,What a great performance by the team. Very happy with the result.,1047,0.81,0.204,15.56,0,what a great performance by the team very happy with the result,0.5581643543223053,-0.883540915136011,0.204
C0684,The customer service was really helpful and sorted my issue in 5 minutes.,1103,0.22,0.293,9.7,0,the customer service was really helpful and sorted my issue in minutes,0.5880469583778015,-0.976493811826556,0.293
C0685,"I don't agree with your opinion, but I appreciate the respectful debate here. ...",773,0.4,0.199,9.31,0,i dont agree with your opinion but i appreciate the respectful debate here,0.41195304162219853,-0.9481353009718134,0.199
C0686,Just finished reading this book. Highly recommend it to everyone.,826,0.13,0.266,15.35,0,just finished reading this book highly recommend it to everyone,0.4402347918890075,-0.9906730672539273,0.266
C0687,This is the best government in history. Clean sweep in next elections! #PropagandaCampaign #ALERT,167,10.83,0.84,24.67,1,this is the best government in history clean sweep in next elections #propagandacampaign #alert,0.08858057630736393,0.6950828557779937,0.84
C0688,"This recipe looks delicious, definitely trying it out this Sunday!",987,0.05,0.226,15.06,0,this recipe looks delicious definitely trying it out this sunday,0.5261472785485592,-1.0032768498560352,0.226
C0689,Boycott this movie! It hurts community sentiments! #BoycottTrending,59,11.61,0.74,34.72,1,boycott this movie it hurts community sentiments #boycotttrending,0.030949839914621136,0.8179697361485448,0.74
C0690,Unbelievable development! Best leader of all time! Truly visionary leadership! #JOINNOW,26,9.61,0.93,23.79,1,unbelievable development best leader of all time truly visionary leadership #joinnow,0.013340448239060833,0.5028751710958493,0.93
C0691,Does anyone know if the local train is running on schedule today?,1048,0.9,0.189,17.45,0,does anyone know if the local train is running on schedule today,0.5586979722518677,-0.8693616597086395,0.189
C0692,"Wow, that sunset is gorgeous! Thanks for sharing the photo.",1604,0.81,0.175,17.23,0,wow that sunset is gorgeous thanks for sharing the photo,0.8553895410885807,-0.883540915136011,0.175
C0693,I absolutely love this new update! The UI looks clean and crisp.,857,0.51,0.115,19.82,0,i absolutely love this new update the ui looks clean and crisp,0.45677694770544297,-0.9308050998939152,0.115
C0694,Struggling with coding errors all day... need a break lol. 😊,472,0.96,0.2,5.0,0,struggling with coding errors all day need a break lol,0.25133404482390614,-0.8599088227570587,0.2
C0695,SUPPORT THIS LEADER FOR BETTER FUTURE! DO NOT TRUST THE OPPOSITION!! #Victory2026,80,11.17,0.867,24.51,1,support this leader for better future do not trust the opposition #victory,0.04215581643543223,0.7486489318369519,0.867
C0696,"I'm not sure if this is correct, but let's see how it goes.",856,0.84,0.205,15.46,0,im not sure if this is correct but lets see how it goes,0.4562433297758805,-0.8788144966602205,0.205
C0697,AMAZING OFFER! GET FREE CRYPTO NOW! CLICK LINK BELOW!!! #ALERT,2,18.39,1.0,49.36,1,amazing offer get free crypto now click link below #alert,0.0005336179295624333,1.8861403116771829,1.0
C0698,Earn passive income easily. Sign up using code BOT999. Real cash! #ALERT,34,14.23,0.781,38.88,1,earn passive income easily sign up using code bot real cash #alert,0.0176093916755603,1.2307436163675762,0.781
C0699,This is the best government in history. Clean sweep in next elections! #PropagandaCampaign #JOINNOW,36,6.89,0.921,24.45,1,this is the best government in history clean sweep in next elections #propagandacampaign #joinnow,0.018676627534685165,0.07434656262418347,0.921
C0700,Just finished reading this book. Highly recommend it to everyone. 😊,503,0.35,0.273,20.43,0,just finished reading this book highly recommend it to everyone,0.26787620064034157,-0.9560126650981309,0.273
C0701,Struggling with coding errors all day... need a break lol.,1025,0.24,0.349,9.35,0,struggling with coding errors all day need a break lol,0.5464247598719317,-0.973342866176029,0.349
C0702,"Wow, that sunset is gorgeous! Thanks for sharing the photo. 😊",665,0.6,0.305,16.27,0,wow that sunset is gorgeous thanks for sharing the photo,0.35432230522945574,-0.9166258444665439,0.305
C0703,That match last night was insane! What a finish in the last minute.,965,0.64,0.154,14.79,0,that match last night was insane what a finish in the last minute,0.5144076840981857,-0.91032395316549,0.154
C0704,Follow my account for free premium tips and tricks. Guaranteed success!,21,7.59,0.762,17.96,1,follow my account for free premium tips and tricks guaranteed success,0.010672358591248666,0.18462966039262693,0.762
C0705,Beautiful weather today. Going out for a cup of coffee.,1015,0.55,0.227,3.3,0,beautiful weather today going out for a cup of coffee,0.5410885805763074,-0.9245032085928613,0.227
C0706,That match last night was insane! What a finish in the last minute.,1245,0.26,0.135,16.66,0,that match last night was insane what a finish in the last minute,0.6638207043756671,-0.9701919205255022,0.135
C0707,I absolutely love this new update! The UI looks clean and crisp. ...,904,0.6,0.23,14.14,0,i absolutely love this new update the ui looks clean and crisp,0.48185699039487734,-0.9166258444665439,0.23
C0708,Beautiful weather today. Going out for a cup of coffee.,663,0.45,0.171,7.52,0,beautiful weather today going out for a cup of coffee,0.3532550693703309,-0.940257936845496,0.171
C0709,The customer service was really helpful and sorted my issue in 5 minutes.,1198,0.59,0.157,17.96,0,the customer service was really helpful and sorted my issue in minutes,0.6387406616862327,-0.9182013172918074,0.157
C0710,Beautiful weather today. Going out for a cup of coffee. ...,751,0.45,0.102,13.72,0,beautiful weather today going out for a cup of coffee,0.400213447171825,-0.940257936845496,0.102
C0711,CLICK HERE TO EARN $500 DAILY WORKING FROM HOME! 100% REAL LINK IN BIO!!!,84,13.23,0.775,31.64,1,click here to earn daily working from home real link in bio,0.04429028815368197,1.0731963338412285,0.775
C0712,Can someone explain how to solve the 3rd question in the ML assignment?,729,0.05,0.101,10.58,0,can someone explain how to solve the rd question in the ml assignment,0.38847385272145146,-1.0032768498560352,0.101
C0713,CLICK HERE TO EARN $500 DAILY WORKING FROM HOME! 100% REAL LINK IN BIO!!! #JOINNOW,6,5.19,0.744,15.84,1,click here to earn daily working from home real link in bio #joinnow,0.002668089647812167,-0.1934838176706076,0.744
C0714,THE TRUTH HAS BEEN EXPOSED! WATCH THIS VIDEO BEFORE IT GETS DELETED!!!,11,16.21,0.742,43.92,1,the truth has been exposed watch this video before it gets deleted,0.005336179295624333,1.542687235769745,0.742
C0715,CLICK HERE TO EARN $500 DAILY WORKING FROM HOME! 100% REAL LINK IN BIO!!!,9,17.48,0.663,47.11,1,click here to earn daily working from home real link in bio,0.004268943436499467,1.7427722845782065,0.663
C0716,Just finished reading this book. Highly recommend it to everyone.,932,0.76,0.112,2.41,0,just finished reading this book highly recommend it to everyone,0.49679829242262546,-0.8914182792623283,0.112
C0717,Don't listen to this fake news! The truth is hidden by mainstream media!,25,11.4,0.757,33.15,1,dont listen to this fake news the truth is hidden by mainstream media,0.012806830309498399,0.784884806818012,0.757
C0718,Just finished reading this book. Highly recommend it to everyone.,873,1.31,0.185,6.98,0,just finished reading this book highly recommend it to everyone,0.46531483457844186,-0.804767273872837,0.185
C0719,SUPPORT THIS LEADER FOR BETTER FUTURE! DO NOT TRUST THE OPPOSITION!! #Victory2026 #JOINNOW,10,8.61,0.797,20.37,1,support this leader for better future do not trust the opposition #victory #joinnow,0.0048025613660619,0.3453278885695016,0.797
C0720,SUPPORT #LEADER2026 NOW! SHARE THIS MESSAGE TO 10 GROUPS NOW!!!,52,10.42,0.786,26.54,1,support #leader now share this message to groups now,0.0272145144076841,0.6304884699421911,0.786
C0721,This person is a traitor! Stop spreading lies about our great country!,19,14.17,0.997,42.86,1,this person is a traitor stop spreading lies about our great country,0.0096051227321238,1.2212907794159953,0.997
C0722,"Worst brand ever! Total scam, do not buy their products! SCAMMER!! #ALERT",60,14.73,0.847,33.04,1,worst brand ever total scam do not buy their products scammer #alert,0.03148345784418356,1.30951725763075,0.847
C0723,What a great performance by the team. Very happy with the result.,688,0.75,0.145,4.97,0,what a great performance by the team very happy with the result,0.36659551760939174,-0.8929937520875917,0.145
C0724,"I'm not sure if this is correct, but let's see how it goes.",779,1.01,0.275,11.69,0,im not sure if this is correct but lets see how it goes,0.4151547491995731,-0.8520314586307414,0.275
C0725,Struggling with coding errors all day... need a break lol.,1180,0.39,0.0,7.38,0,struggling with coding errors all day need a break lol,0.6291355389541089,-0.9497107737970769,0.0
C0726,Follow my account for free premium tips and tricks. Guaranteed success!,19,10.03,0.841,29.91,1,follow my account for free premium tips and tricks guaranteed success,0.0096051227321238,0.5690450297569154,0.841
C0727,CLICK HERE TO EARN $500 DAILY WORKING FROM HOME! 100% REAL LINK IN BIO!!!,26,6.98,1.0,20.67,1,click here to earn daily working from home real link in bio,0.013340448239060833,0.08852581805155489,1.0
C0728,Unbelievable development! Best leader of all time! Truly visionary leadership!,8,3.61,0.904,10.95,1,unbelievable development best leader of all time truly visionary leadership,0.0037353255069370334,-0.44240852406223713,0.904
C0729,Earn passive income easily. Sign up using code BOT999. Real cash!,26,13.61,0.729,35.21,1,earn passive income easily sign up using code bot real cash,0.013340448239060833,1.1330643012012405,0.729
C0730,I absolutely love this new update! The UI looks clean and crisp.,556,0.34,0.095,16.17,0,i absolutely love this new update the ui looks clean and crisp,0.2961579509071505,-0.9575881379233944,0.095
C0731,What a great performance by the team. Very happy with the result.,358,0.57,0.272,9.43,0,what a great performance by the team very happy with the result,0.1905016008537887,-0.9213522629423343,0.272
C0732,"This recipe looks delicious, definitely trying it out this Sunday!",512,0.43,0.268,12.97,0,this recipe looks delicious definitely trying it out this sunday,0.27267876200640345,-0.9434088824960231,0.268
C0733,Don't listen to this fake news! The truth is hidden by mainstream media! #MUSTWATCH,48,14.08,0.683,35.75,1,dont listen to this fake news the truth is hidden by mainstream media #mustwatch,0.025080042689434368,1.2071115239886239,0.683
C0734,"Haha that is so funny, thanks for making my day!",529,0.39,0.204,13.48,0,haha that is so funny thanks for making my day,0.2817502668089648,-0.9497107737970769,0.204
C0735,"Wow, that sunset is gorgeous! Thanks for sharing the photo. ...",950,0.91,0.219,11.29,0,wow that sunset is gorgeous thanks for sharing the photo,0.5064034151547493,-0.867786186883376,0.219
C0736,"Wow, that sunset is gorgeous! Thanks for sharing the photo.",326,0.29,0.124,16.15,0,wow that sunset is gorgeous thanks for sharing the photo,0.17342582710779084,-0.9654655020497117,0.124
C0737,Does anyone know if the local train is running on schedule today? !!,789,0.3,0.077,11.65,0,does anyone know if the local train is running on schedule today,0.4204909284951975,-0.9638900292244482,0.077
C0738,SUPPORT #LEADER2026 NOW! SHARE THIS MESSAGE TO 10 GROUPS NOW!!!,19,15.56,0.727,44.32,1,support #leader now share this message to groups now,0.0096051227321238,1.4402815021276185,0.727
C0739,Follow my account for free premium tips and tricks. Guaranteed success! #ALERT,21,19.76,0.632,56.86,1,follow my account for free premium tips and tricks guaranteed success #alert,0.010672358591248666,2.1019800887382796,0.632
C0740,AMAZING OFFER! GET FREE CRYPTO NOW! CLICK LINK BELOW!!!,6,10.54,0.817,24.66,1,amazing offer get free crypto now click link below,0.002668089647812167,0.6493941438453527,0.817
C0741,Boycott this movie! It hurts community sentiments! #BoycottTrending,29,12.09,0.906,31.82,1,boycott this movie it hurts community sentiments #boycotttrending,0.014941302027748132,0.8935924317611919,0.906
C0742,SUPPORT #LEADER2026 NOW! SHARE THIS MESSAGE TO 10 GROUPS NOW!!! #MUSTWATCH,2,12.01,0.55,40.1,1,support #leader now share this message to groups now #mustwatch,0.0005336179295624333,0.880988649159084,0.55
C0743,AMAZING OFFER! GET FREE CRYPTO NOW! CLICK LINK BELOW!!!,55,5.79,0.764,17.47,1,amazing offer get free crypto now click link below,0.0288153681963714,-0.09895544815479901,0.764
C0744,"Wow, that sunset is gorgeous! Thanks for sharing the photo.",442,0.26,0.095,18.11,0,wow that sunset is gorgeous thanks for sharing the photo,0.23532550693703308,-0.9701919205255022,0.095
C0745,Follow my account for free premium tips and tricks. Guaranteed success! #JOINNOW,15,10.05,0.736,30.45,1,follow my account for free premium tips and tricks guaranteed success #joinnow,0.007470651013874066,0.5721959754074425,0.736
C0746,Don't listen to this fake news! The truth is hidden by mainstream media!,45,15.02,0.666,42.53,1,dont listen to this fake news the truth is hidden by mainstream media,0.023479188900747065,1.355205969563391,0.666
C0747,CLICK HERE TO EARN $500 DAILY WORKING FROM HOME! 100% REAL LINK IN BIO!!!,15,12.46,0.812,39.29,1,click here to earn daily working from home real link in bio,0.007470651013874066,0.9518849262959407,0.812
C0748,"This recipe looks delicious, definitely trying it out this Sunday!",512,0.72,0.131,11.68,0,this recipe looks delicious definitely trying it out this sunday,0.27267876200640345,-0.8977201705633822,0.131
C0749,Don't listen to this fake news! The truth is hidden by mainstream media! #ALERT,98,14.02,0.824,37.24,1,dont listen to this fake news the truth is hidden by mainstream media #alert,0.05176093916755603,1.197658687037043,0.824
C0750,Boycott this movie! It hurts community sentiments! #BoycottTrending,35,6.15,0.904,17.26,1,boycott this movie it hurts community sentiments #boycotttrending,0.01814300960512273,-0.04223842644531377,0.904
C0751,"Worst brand ever! Total scam, do not buy their products! SCAMMER!!",89,13.33,0.864,30.99,1,worst brand ever total scam do not buy their products scammer,0.04695837780149413,1.0889510620938632,0.864
C0752,"Worst brand ever! Total scam, do not buy their products! SCAMMER!! #JOINNOW",100,8.08,0.905,24.62,1,worst brand ever total scam do not buy their products scammer #joinnow,0.0528281750266809,0.26182782883053735,0.905
C0753,Struggling with coding errors all day... need a break lol.,558,0.43,0.0,10.04,0,struggling with coding errors all day need a break lol,0.2972251867662754,-0.9434088824960231,0.0
C0754,What a great performance by the team. Very happy with the result.,1198,0.36,0.214,11.05,0,what a great performance by the team very happy with the result,0.6387406616862327,-0.9544371922728673,0.214
C0755,Does anyone know if the local train is running on schedule today?,929,0.16,0.159,1.0,0,does anyone know if the local train is running on schedule today,0.49519743863393817,-0.9859466487781369,0.159
C0756,"Honestly, I think the movie was slightly overrated, but the acting was top tier. 😊",725,0.05,0.271,15.89,0,honestly i think the movie was slightly overrated but the acting was top tier,0.38633938100320175,-1.0032768498560352,0.271
C0757,Struggling with coding errors all day... need a break lol.,986,0.96,0.055,20.74,0,struggling with coding errors all day need a break lol,0.5256136606189968,-0.8599088227570587,0.055
C0758,The customer service was really helpful and sorted my issue in 5 minutes.,1172,0.43,0.264,6.47,0,the customer service was really helpful and sorted my issue in minutes,0.6248665955176095,-0.9434088824960231,0.264
C0759,Unbelievable development! Best leader of all time! Truly visionary leadership!,10,9.99,0.741,26.97,1,unbelievable development best leader of all time truly visionary leadership,0.0048025613660619,0.5627431384558615,0.741
C0760,Struggling with coding errors all day... need a break lol.,46,0.57,0.321,11.69,0,struggling with coding errors all day need a break lol,0.0240128068303095,-0.9213522629423343,0.321
C0761,I absolutely love this new update! The UI looks clean and crisp.,59,0.73,0.0,5.95,0,i absolutely love this new update the ui looks clean and crisp,0.030949839914621136,-0.8961446977381188,0.0
C0762,Follow my account for free premium tips and tricks. Guaranteed success! #MUSTWATCH,4,11.05,0.909,32.74,1,follow my account for free premium tips and tricks guaranteed success #mustwatch,0.0016008537886873,0.7297432579337904,0.909
C0763,SUPPORT #LEADER2026 NOW! SHARE THIS MESSAGE TO 10 GROUPS NOW!!! #MUSTWATCH,13,15.41,0.95,48.6,1,support #leader now share this message to groups now #mustwatch,0.0064034151547492,1.4166494097486666,0.95
C0764,"Haha that is so funny, thanks for making my day!",1123,0.43,0.236,14.33,0,haha that is so funny thanks for making my day,0.5987193169690502,-0.9434088824960231,0.236
C0765,Beautiful weather today. Going out for a cup of coffee.,1002,0.55,0.059,6.86,0,beautiful weather today going out for a cup of coffee,0.5341515474919958,-0.9245032085928613,0.059
C0766,Earn passive income easily. Sign up using code BOT999. Real cash!,119,11.61,0.982,29.88,1,earn passive income easily sign up using code bot real cash,0.06296691568836714,0.8179697361485448,0.982
C0767,This is the best government in history. Clean sweep in next elections! #PropagandaCampaign,1,13.69,1.0,33.94,1,this is the best government in history clean sweep in next elections #propagandacampaign,0.0,1.1456680838033482,1.0
C0768,Boycott this movie! It hurts community sentiments! #BoycottTrending,84,14.33,0.571,34.04,1,boycott this movie it hurts community sentiments #boycotttrending,0.04429028815368197,1.246498344620211,0.571
C0769,That match last night was insane! What a finish in the last minute.,634,1.07,0.206,5.32,0,that match last night was insane what a finish in the last minute,0.3377801494130203,-0.8425786216791604,0.206
C0770,Just finished reading this book. Highly recommend it to everyone. 😊,994,0.05,0.258,9.64,0,just finished reading this book highly recommend it to everyone,0.5298826040554964,-1.0032768498560352,0.258
C0771,Does anyone know if the local train is running on schedule today?,762,0.9,0.021,5.01,0,does anyone know if the local train is running on schedule today,0.40608324439701177,-0.8693616597086395,0.021
C0772,SUPPORT THIS LEADER FOR BETTER FUTURE! DO NOT TRUST THE OPPOSITION!! #Victory2026 #JOINNOW,50,7.69,0.724,21.52,1,support this leader for better future do not trust the opposition #victory #joinnow,0.026147278548559232,0.20038438864526179,0.724
C0773,"Honestly, I think the movie was slightly overrated, but the acting was top tier.",459,0.87,0.144,9.22,0,honestly i think the movie was slightly overrated but the acting was top tier,0.24439701173959447,-0.87408807818443,0.144
C0774,Unbelievable development! Best leader of all time! Truly visionary leadership! #JOINNOW,50,6.79,0.751,22.94,1,unbelievable development best leader of all time truly visionary leadership #joinnow,0.026147278548559232,0.05859183437154875,0.751
C0775,"Haha that is so funny, thanks for making my day!",52,0.38,0.169,14.25,0,haha that is so funny thanks for making my day,0.0272145144076841,-0.9512862466223404,0.169
C0776,Beautiful weather today. Going out for a cup of coffee.,596,0.51,0.0,8.71,0,beautiful weather today going out for a cup of coffee,0.31750266808964783,-0.9308050998939152,0.0
C0777,Don't listen to this fake news! The truth is hidden by mainstream media!,6,12.64,0.806,41.47,1,dont listen to this fake news the truth is hidden by mainstream media,0.002668089647812167,0.9802434371506832,0.806
C0778,Just finished reading this book. Highly recommend it to everyone. !!,999,0.46,0.079,13.33,0,just finished reading this book highly recommend it to everyone,0.5325506937033084,-0.9386824640202326,0.079
C0779,Can someone explain how to solve the 3rd question in the ML assignment? haha,437,0.55,0.199,10.92,0,can someone explain how to solve the rd question in the ml assignment haha,0.23265741728922093,-0.9245032085928613,0.199
C0780,Beautiful weather today. Going out for a cup of coffee.,547,0.05,0.264,14.02,0,beautiful weather today going out for a cup of coffee,0.29135538954108864,-1.0032768498560352,0.264
C0781,This channel is biased and spreading fake propaganda. Ban them!,29,13.71,0.635,35.7,1,this channel is biased and spreading fake propaganda ban them,0.014941302027748132,1.1488190294538754,0.635
C0782,The customer service was really helpful and sorted my issue in 5 minutes.,684,0.26,0.323,7.72,0,the customer service was really helpful and sorted my issue in minutes,0.364461045891142,-0.9701919205255022,0.323
C0783,Unbelievable development! Best leader of all time! Truly visionary leadership! #ALERT,33,11.34,0.718,30.57,1,unbelievable development best leader of all time truly visionary leadership #alert,0.017075773745997867,0.775431969866431,0.718
C0784,SUPPORT #LEADER2026 NOW! SHARE THIS MESSAGE TO 10 GROUPS NOW!!! #JOINNOW,53,10.6,0.789,27.26,1,support #leader now share this message to groups now #joinnow,0.02774813233724653,0.6588469807969336,0.789
C0785,Struggling with coding errors all day... need a break lol. haha,194,0.6,0.325,12.09,0,struggling with coding errors all day need a break lol haha,0.10298826040554963,-0.9166258444665439,0.325
C0786,"Honestly, I think the movie was slightly overrated, but the acting was top tier.",890,0.71,0.023,20.51,0,honestly i think the movie was slightly overrated but the acting was top tier,0.4743863393810033,-0.8992956433886456,0.023
C0787,"I don't agree with your opinion, but I appreciate the respectful debate here.",880,0.99,0.077,21.09,0,i dont agree with your opinion but i appreciate the respectful debate here,0.4690501600853789,-0.8551824042812682,0.077
C0788,SUPPORT #LEADER2026 NOW! SHARE THIS MESSAGE TO 10 GROUPS NOW!!!,40,10.81,0.833,30.48,1,support #leader now share this message to groups now,0.0208110992529349,0.6919319101274668,0.833
C0789,SUPPORT #LEADER2026 NOW! SHARE THIS MESSAGE TO 10 GROUPS NOW!!! #ALERT,56,17.02,0.564,41.4,1,support #leader now share this message to groups now #alert,0.029348986125933833,1.6703005346160864,0.564
C0790,"I don't agree with your opinion, but I appreciate the respectful debate here.",725,0.59,0.144,18.09,0,i dont agree with your opinion but i appreciate the respectful debate here,0.38633938100320175,-0.9182013172918074,0.144
C0791,This person is a traitor! Stop spreading lies about our great country!,22,14.69,0.588,39.95,1,this person is a traitor stop spreading lies about our great country,0.011205976520811099,1.3032153663296957,0.588
C0792,This is the best government in history. Clean sweep in next elections! #PropagandaCampaign #ALERT,10,11.66,0.789,34.91,1,this is the best government in history clean sweep in next elections #propagandacampaign #alert,0.0048025613660619,0.8258471002748623,0.789
C0793,"Wow, that sunset is gorgeous! Thanks for sharing the photo.",454,0.88,0.254,14.92,0,wow that sunset is gorgeous thanks for sharing the photo,0.2417289220917823,-0.8725126053591665,0.254
C0794,"Worst brand ever! Total scam, do not buy their products! SCAMMER!!",88,17.39,0.743,44.3,1,worst brand ever total scam do not buy their products scammer,0.046424759871931696,1.7285930291508351,0.743
C0795,"Wow, that sunset is gorgeous! Thanks for sharing the photo.",665,0.88,0.259,14.22,0,wow that sunset is gorgeous thanks for sharing the photo,0.35432230522945574,-0.8725126053591665,0.259
C0796,This is the best government in history. Clean sweep in next elections! #PropagandaCampaign,8,7.39,0.854,17.47,1,this is the best government in history clean sweep in next elections #propagandacampaign,0.0037353255069370334,0.15312020388735734,0.854
C0797,Boycott this movie! It hurts community sentiments! #BoycottTrending,17,10.69,0.759,35.36,1,boycott this movie it hurts community sentiments #boycotttrending,0.008537886872998933,0.6730262362243049,0.759
C0798,This is the best government in history. Clean sweep in next elections! #PropagandaCampaign,69,10.1,0.777,24.53,1,this is the best government in history clean sweep in next elections #propagandacampaign,0.03628601921024546,0.5800733395337597,0.777
C0799,Does anyone know if the local train is running on schedule today?,1219,1.0,0.102,8.94,0,does anyone know if the local train is running on schedule today,0.6499466382070438,-0.8536069314560047,0.102
C0800,This is the best government in history. Clean sweep in next elections! #PropagandaCampaign,1,10.51,0.739,29.44,1,this is the best government in history clean sweep in next elections #propagandacampaign,0.0,0.6446677253695624,0.739
C0801,Follow my account for free premium tips and tricks. Guaranteed success!,2,11.58,0.571,37.8,1,follow my account for free premium tips and tricks guaranteed success,0.0005336179295624333,0.8132433176727545,0.571
C0802,Earn passive income easily. Sign up using code BOT999. Real cash!,1,11.27,0.804,31.09,1,earn passive income easily sign up using code bot real cash,0.0,0.7644036600895866,0.804
C0803,This person is a traitor! Stop spreading lies about our great country!,2,16.02,0.592,49.43,1,this person is a traitor stop spreading lies about our great country,0.0005336179295624333,1.5127532520897387,0.592
C0804,"Wow, that sunset is gorgeous! Thanks for sharing the photo. 👍",816,0.63,0.245,6.89,0,wow that sunset is gorgeous thanks for sharing the photo,0.4348986125933832,-0.9118994259907535,0.245
C0805,Just finished reading this book. Highly recommend it to everyone.,989,0.42,0.235,1.36,0,just finished reading this book highly recommend it to everyone,0.5272145144076842,-0.9449843553212864,0.235
C0806,That match last night was insane! What a finish in the last minute.,760,0.32,0.193,14.35,0,that match last night was insane what a finish in the last minute,0.40501600853788694,-0.9607390835739212,0.193
C0807,"Worst brand ever! Total scam, do not buy their products! SCAMMER!!",8,14.54,0.734,34.99,1,worst brand ever total scam do not buy their products scammer,0.0037353255069370334,1.2795832739507438,0.734
C0808,Don't listen to this fake news! The truth is hidden by mainstream media!,62,9.56,0.5,24.68,1,dont listen to this fake news the truth is hidden by mainstream media,0.03255069370330843,0.4949978069695321,0.5
C0809,SUPPORT #LEADER2026 NOW! SHARE THIS MESSAGE TO 10 GROUPS NOW!!!,13,14.69,0.516,41.83,1,support #leader now share this message to groups now,0.0064034151547492,1.3032153663296957,0.516
C0810,CLICK HERE TO EARN $500 DAILY WORKING FROM HOME! 100% REAL LINK IN BIO!!! #ALERT,50,7.26,0.727,22.02,1,click here to earn daily working from home real link in bio #alert,0.026147278548559232,0.13263905715893215,0.727
C0811,"This recipe looks delicious, definitely trying it out this Sunday!",616,0.29,0.035,3.24,0,this recipe looks delicious definitely trying it out this sunday,0.32817502668089654,-0.9654655020497117,0.035
C0812,SUPPORT THIS LEADER FOR BETTER FUTURE! DO NOT TRUST THE OPPOSITION!! #Victory2026 #ALERT,35,18.27,0.697,50.5,1,support this leader for better future do not trust the opposition #victory #alert,0.01814300960512273,1.867234637774021,0.697
C0813,SUPPORT #LEADER2026 NOW! SHARE THIS MESSAGE TO 10 GROUPS NOW!!! #ALERT,10,7.45,0.68,20.87,1,support #leader now share this message to groups now #alert,0.0048025613660619,0.16257304083893828,0.68
C0814,This person is a traitor! Stop spreading lies about our great country! #JOINNOW,16,15.05,0.662,43.37,1,this person is a traitor stop spreading lies about our great country #joinnow,0.0080042689434365,1.3599323880391814,0.662
C0815,That match last night was insane! What a finish in the last minute.,1189,0.39,0.268,14.41,0,that match last night was insane what a finish in the last minute,0.6339381003201708,-0.9497107737970769,0.268
C0816,"This recipe looks delicious, definitely trying it out this Sunday!",521,0.92,0.036,10.12,0,this recipe looks delicious definitely trying it out this sunday,0.27748132337246534,-0.8662107140581126,0.036
C0817,AMAZING OFFER! GET FREE CRYPTO NOW! CLICK LINK BELOW!!!,148,11.17,0.907,31.01,1,amazing offer get free crypto now click link below,0.07844183564567771,0.7486489318369519,0.907
C0818,THE TRUTH HAS BEEN EXPOSED! WATCH THIS VIDEO BEFORE IT GETS DELETED!!! #ALERT,61,10.88,0.581,25.21,1,the truth has been exposed watch this video before it gets deleted #alert,0.032017075773746,0.7029602199043112,0.581
C0819,Don't listen to this fake news! The truth is hidden by mainstream media! #ALERT,17,19.07,0.886,46.18,1,dont listen to this fake news the truth is hidden by mainstream media #alert,0.008537886872998933,1.9932724637950994,0.886
C0820,This is the best government in history. Clean sweep in next elections! #PropagandaCampaign #MUSTWATCH,58,15.71,0.865,45.78,1,this is the best government in history clean sweep in next elections #propagandacampaign #mustwatch,0.030416221985058698,1.463913594506571,0.865
C0821,Just finished reading this book. Highly recommend it to everyone. 😊,918,0.7,0.078,14.93,0,just finished reading this book highly recommend it to everyone,0.4893276414087514,-0.900871116213909,0.078
C0822,This is completely fake! Stop spreading negative rumors immediately!,4,10.42,0.908,32.2,1,this is completely fake stop spreading negative rumors immediately,0.0016008537886873,0.6304884699421911,0.908
C0823,Earn passive income easily. Sign up using code BOT999. Real cash! #ALERT,12,15.61,1.0,48.29,1,earn passive income easily sign up using code bot real cash #alert,0.005869797225186767,1.448158866253936,1.0
C0824,"Worst brand ever! Total scam, do not buy their products! SCAMMER!! #MUSTWATCH",26,15.67,0.601,41.3,1,worst brand ever total scam do not buy their products scammer #mustwatch,0.013340448239060833,1.4576117032055167,0.601
C0825,Unbelievable development! Best leader of all time! Truly visionary leadership!,44,14.92,0.676,41.96,1,unbelievable development best leader of all time truly visionary leadership,0.02294557097118463,1.3394512413107558,0.676
C0826,SUPPORT #LEADER2026 NOW! SHARE THIS MESSAGE TO 10 GROUPS NOW!!!,42,6.73,0.834,16.76,1,support #leader now share this message to groups now,0.021878335112059766,0.049138997419967946,0.834
C0827,THE TRUTH HAS BEEN EXPOSED! WATCH THIS VIDEO BEFORE IT GETS DELETED!!!,57,10.86,0.546,28.67,1,the truth has been exposed watch this video before it gets deleted,0.029882604055496267,0.699809274253784,0.546
C0828,Follow my account for free premium tips and tricks. Guaranteed success!,19,14.13,0.671,45.11,1,follow my account for free premium tips and tricks guaranteed success,0.0096051227321238,1.2149888881149413,0.671
C0829,Follow my account for free premium tips and tricks. Guaranteed success!,24,9.82,0.696,29.01,1,follow my account for free premium tips and tricks guaranteed success,0.012273212379935967,0.5359601004263825,0.696
C0830,This is completely fake! Stop spreading negative rumors immediately! #JOINNOW,2,12.31,0.822,38.49,1,this is completely fake stop spreading negative rumors immediately #joinnow,0.0005336179295624333,0.9282528339169884,0.822
C0831,"Honestly, I think the movie was slightly overrated, but the acting was top tier. haha",804,1.36,0.0,17.29,0,honestly i think the movie was slightly overrated but the acting was top tier haha,0.428495197438634,-0.7968899097465195,0.0
C0832,Just finished reading this book. Highly recommend it to everyone.,730,0.73,0.194,8.33,0,just finished reading this book highly recommend it to everyone,0.38900747065101393,-0.8961446977381188,0.194
C0833,SUPPORT #LEADER2026 NOW! SHARE THIS MESSAGE TO 10 GROUPS NOW!!!,11,19.61,0.829,53.81,1,support #leader now share this message to groups now,0.005336179295624333,2.078347996359327,0.829
C0834,This is the best government in history. Clean sweep in next elections! #PropagandaCampaign,34,12.61,0.844,35.27,1,this is the best government in history clean sweep in next elections #propagandacampaign,0.0176093916755603,0.9755170186748926,0.844
C0835,CLICK HERE TO EARN $500 DAILY WORKING FROM HOME! 100% REAL LINK IN BIO!!!,11,14.61,0.663,44.61,1,click here to earn daily working from home real link in bio,0.005336179295624333,1.2906115837275882,0.663
C0836,"This recipe looks delicious, definitely trying it out this Sunday!",1493,0.85,0.025,2.15,0,this recipe looks delicious definitely trying it out this sunday,0.7961579509071506,-0.877239023834957,0.025
C0837,SUPPORT #LEADER2026 NOW! SHARE THIS MESSAGE TO 10 GROUPS NOW!!! #JOINNOW,5,14.83,0.828,43.76,1,support #leader now share this message to groups now #joinnow,0.0021344717182497333,1.3252719858833846,0.828
C0838,"I don't agree with your opinion, but I appreciate the respectful debate here. ...",713,0.24,0.238,15.61,0,i dont agree with your opinion but i appreciate the respectful debate here,0.3799359658484526,-0.973342866176029,0.238
C0839,That match last night was insane! What a finish in the last minute.,433,0.91,0.267,12.67,0,that match last night was insane what a finish in the last minute,0.2305229455709712,-0.867786186883376,0.267
C0840,"Honestly, I think the movie was slightly overrated, but the acting was top tier. 👍",831,0.67,0.064,12.15,0,honestly i think the movie was slightly overrated but the acting was top tier,0.44290288153681967,-0.9055975346896995,0.064
C0841,Don't listen to this fake news! The truth is hidden by mainstream media!,24,17.67,0.609,43.81,1,dont listen to this fake news the truth is hidden by mainstream media,0.012273212379935967,1.7727062682582126,0.609
C0842,Struggling with coding errors all day... need a break lol.,561,0.42,0.088,11.84,0,struggling with coding errors all day need a break lol,0.2988260405549627,-0.9449843553212864,0.088
C0843,This is the best government in history. Clean sweep in next elections! #PropagandaCampaign,23,13.1,0.953,37.61,1,this is the best government in history clean sweep in next elections #propagandacampaign,0.011739594450373533,1.052715187112803,0.953
C0844,AMAZING OFFER! GET FREE CRYPTO NOW! CLICK LINK BELOW!!!,12,8.73,0.604,29.84,1,amazing offer get free crypto now click link below,0.005869797225186767,0.3642335624726635,0.604
C0845,"I'm not sure if this is correct, but let's see how it goes. 😊",1256,0.26,0.11,7.42,0,im not sure if this is correct but lets see how it goes,0.6696905016008539,-0.9701919205255022,0.11
C0846,Unbelievable development! Best leader of all time! Truly visionary leadership!,26,13.31,0.932,40.16,1,unbelievable development best leader of all time truly visionary leadership,0.013340448239060833,1.0858001164433362,0.932
C0847,"Haha that is so funny, thanks for making my day! 👍",1012,0.61,0.326,12.0,0,haha that is so funny thanks for making my day,0.5394877267876201,-0.9150503716412803,0.326
C0848,Struggling with coding errors all day... need a break lol.,327,0.63,0.359,6.93,0,struggling with coding errors all day need a break lol,0.17395944503735325,-0.9118994259907535,0.359
C0849,Boycott this movie! It hurts community sentiments! #BoycottTrending,57,10.82,0.771,36.86,1,boycott this movie it hurts community sentiments #boycotttrending,0.029882604055496267,0.6935073829527303,0.771
C0850,Unbelievable development! Best leader of all time! Truly visionary leadership!,24,9.43,0.824,24.66,1,unbelievable development best leader of all time truly visionary leadership,0.012273212379935967,0.4745166602411068,0.824
C0851,This person is a traitor! Stop spreading lies about our great country!,24,14.63,0.648,46.29,1,this person is a traitor stop spreading lies about our great country,0.012273212379935967,1.2937625293781152,0.648
C0852,"This recipe looks delicious, definitely trying it out this Sunday!",792,0.25,0.042,16.18,0,this recipe looks delicious definitely trying it out this sunday,0.4220917822838848,-0.9717673933507656,0.042
C0853,SUPPORT THIS LEADER FOR BETTER FUTURE! DO NOT TRUST THE OPPOSITION!! #Victory2026 #MUSTWATCH,50,12.96,0.991,36.62,1,support this leader for better future do not trust the opposition #victory #mustwatch,0.026147278548559232,1.0306585675591144,0.991
C0854,SUPPORT #LEADER2026 NOW! SHARE THIS MESSAGE TO 10 GROUPS NOW!!! #MUSTWATCH,14,9.92,1.0,30.9,1,support #leader now share this message to groups now #mustwatch,0.006937033084311634,0.5517148286790172,1.0
C0855,"I'm not sure if this is correct, but let's see how it goes. 👍",431,0.05,0.231,10.13,0,im not sure if this is correct but lets see how it goes,0.2294557097118463,-1.0032768498560352,0.231
C0856,AMAZING OFFER! GET FREE CRYPTO NOW! CLICK LINK BELOW!!!,44,11.38,0.677,34.94,1,amazing offer get free crypto now click link below,0.02294557097118463,0.7817338611674851,0.677
C0857,That match last night was insane! What a finish in the last minute.,414,0.99,0.122,19.95,0,that match last night was insane what a finish in the last minute,0.22038420490928495,-0.8551824042812682,0.122
C0858,Follow my account for free premium tips and tricks. Guaranteed success! #ALERT,16,12.87,0.683,36.11,1,follow my account for free premium tips and tricks guaranteed success #alert,0.0080042689434365,1.016479312131743,0.683
C0859,THE TRUTH HAS BEEN EXPOSED! WATCH THIS VIDEO BEFORE IT GETS DELETED!!!,2,13.35,0.809,31.89,1,the truth has been exposed watch this video before it gets deleted,0.0005336179295624333,1.09210200774439,0.809
C0860,"I don't agree with your opinion, but I appreciate the respectful debate here.",983,0.21,0.035,3.56,0,i dont agree with your opinion but i appreciate the respectful debate here,0.5240128068303096,-0.9780692846518195,0.035
C0861,THE TRUTH HAS BEEN EXPOSED! WATCH THIS VIDEO BEFORE IT GETS DELETED!!!,4,11.15,0.915,37.43,1,the truth has been exposed watch this video before it gets deleted,0.0016008537886873,0.745497986186425,0.915
C0862,This channel is biased and spreading fake propaganda. Ban them! #MUSTWATCH,18,7.53,0.737,23.46,1,this channel is biased and spreading fake propaganda ban them #mustwatch,0.009071504802561366,0.17517682344104613,0.737
C0863,"I don't agree with your opinion, but I appreciate the respectful debate here.",960,0.54,0.142,6.02,0,i dont agree with your opinion but i appreciate the respectful debate here,0.5117395944503735,-0.9260786814181248,0.142
C0864,This is the best government in history. Clean sweep in next elections! #PropagandaCampaign,28,4.81,0.979,13.12,1,this is the best government in history clean sweep in next elections #propagandacampaign,0.0144076840981857,-0.2533517850306199,0.979
C0865,Struggling with coding errors all day... need a break lol.,655,0.16,0.114,7.8,0,struggling with coding errors all day need a break lol,0.34898612593383144,-0.9859466487781369,0.114
C0866,The customer service was really helpful and sorted my issue in 5 minutes.,1070,0.52,0.082,16.98,0,the customer service was really helpful and sorted my issue in minutes,0.5704375667022412,-0.9292296270686516,0.082
C0867,"This recipe looks delicious, definitely trying it out this Sunday!",901,0.05,0.242,12.92,0,this recipe looks delicious definitely trying it out this sunday,0.48025613660619004,-1.0032768498560352,0.242
C0868,Struggling with coding errors all day... need a break lol.,1356,0.54,0.071,10.98,0,struggling with coding errors all day need a break lol,0.7230522945570972,-0.9260786814181248,0.071
C0869,"Worst brand ever! Total scam, do not buy their products! SCAMMER!!",11,15.22,0.791,42.27,1,worst brand ever total scam do not buy their products scammer,0.005336179295624333,1.3867154260686603,0.791
C0870,THE TRUTH HAS BEEN EXPOSED! WATCH THIS VIDEO BEFORE IT GETS DELETED!!!,18,8.97,0.821,30.13,1,the truth has been exposed watch this video before it gets deleted,0.009071504802561366,0.402044910278987,0.821
C0871,SUPPORT THIS LEADER FOR BETTER FUTURE! DO NOT TRUST THE OPPOSITION!! #Victory2026,3,13.27,1.0,36.81,1,support this leader for better future do not trust the opposition #victory,0.0010672358591248669,1.0794982251422822,1.0
C0872,What a great performance by the team. Very happy with the result.,996,0.67,0.17,11.51,0,what a great performance by the team very happy with the result,0.5309498399146212,-0.9055975346896995,0.17
C0873,This person is a traitor! Stop spreading lies about our great country! #ALERT,4,14.24,0.702,40.1,1,this person is a traitor stop spreading lies about our great country #alert,0.0016008537886873,1.2323190891928395,0.702
C0874,Boycott this movie! It hurts community sentiments! #BoycottTrending,22,10.03,0.882,29.35,1,boycott this movie it hurts community sentiments #boycotttrending,0.011205976520811099,0.5690450297569154,0.882
C0875,"I'm not sure if this is correct, but let's see how it goes. haha",711,1.11,0.083,9.98,0,im not sure if this is correct but lets see how it goes haha,0.3788687299893277,-0.8362767303781065,0.083
C0876,That match last night was insane! What a finish in the last minute.,1596,0.25,0.095,11.26,0,that match last night was insane what a finish in the last minute,0.8511205976520811,-0.9717673933507656,0.095
C0877,"Worst brand ever! Total scam, do not buy their products! SCAMMER!! #JOINNOW",28,11.06,0.897,30.37,1,worst brand ever total scam do not buy their products scammer #joinnow,0.0144076840981857,0.7313187307590537,0.897
C0878,Follow my account for free premium tips and tricks. Guaranteed success!,2,6.2,0.851,21.65,1,follow my account for free premium tips and tricks guaranteed success,0.0005336179295624333,-0.0343610623189964,0.851
C0879,That match last night was insane! What a finish in the last minute. haha,89,0.82,0.175,18.92,0,that match last night was insane what a finish in the last minute haha,0.04695837780149413,-0.8819654423107474,0.175
C0880,"I'm not sure if this is correct, but let's see how it goes. !!",977,0.83,0.197,18.73,0,im not sure if this is correct but lets see how it goes,0.520811099252935,-0.8803899694854839,0.197
C0881,Does anyone know if the local train is running on schedule today?,1008,0.47,0.377,16.45,0,does anyone know if the local train is running on schedule today,0.5373532550693704,-0.9371069911949691,0.377
C0882,That match last night was insane! What a finish in the last minute. 😊,1029,0.12,0.021,13.46,0,that match last night was insane what a finish in the last minute,0.5485592315901815,-0.9922485400791908,0.021
C0883,Don't listen to this fake news! The truth is hidden by mainstream media!,2,17.6,0.867,44.27,1,dont listen to this fake news the truth is hidden by mainstream media,0.0005336179295624333,1.7616779584813684,0.867
C0884,"This recipe looks delicious, definitely trying it out this Sunday! 😊",852,0.32,0.173,5.92,0,this recipe looks delicious definitely trying it out this sunday,0.4541088580576308,-0.9607390835739212,0.173
C0885,Beautiful weather today. Going out for a cup of coffee. !!,715,0.34,0.095,9.31,0,beautiful weather today going out for a cup of coffee,0.3810032017075774,-0.9575881379233944,0.095
C0886,Earn passive income easily. Sign up using code BOT999. Real cash! #JOINNOW,16,11.46,0.5,39.01,1,earn passive income easily sign up using code bot real cash #joinnow,0.0080042689434365,0.7943376437695929,0.5
C0887,"Worst brand ever! Total scam, do not buy their products! SCAMMER!! #MUSTWATCH",15,11.21,0.823,30.09,1,worst brand ever total scam do not buy their products scammer #mustwatch,0.007470651013874066,0.754950823138006,0.823
C0888,"I'm not sure if this is correct, but let's see how it goes.",803,0.54,0.077,17.07,0,im not sure if this is correct but lets see how it goes,0.42796157950907154,-0.9260786814181248,0.077
C0889,Follow my account for free premium tips and tricks. Guaranteed success!,25,12.71,0.821,31.51,1,follow my account for free premium tips and tricks guaranteed success,0.012806830309498399,0.9912717469275276,0.821
C0890,"I don't agree with your opinion, but I appreciate the respectful debate here. haha",635,0.54,0.105,10.91,0,i dont agree with your opinion but i appreciate the respectful debate here haha,0.3383137673425827,-0.9260786814181248,0.105
C0891,THE TRUTH HAS BEEN EXPOSED! WATCH THIS VIDEO BEFORE IT GETS DELETED!!!,6,5.45,0.814,19.28,1,the truth has been exposed watch this video before it gets deleted,0.002668089647812167,-0.15252152421375723,0.814
C0892,Can someone explain how to solve the 3rd question in the ML assignment? ...,852,0.4,0.049,8.05,0,can someone explain how to solve the rd question in the ml assignment,0.4541088580576308,-0.9481353009718134,0.049
C0893,That match last night was insane! What a finish in the last minute. 👍,840,0.17,0.327,1.0,0,that match last night was insane what a finish in the last minute,0.4477054429028816,-0.9843711759528734,0.327
C0894,Beautiful weather today. Going out for a cup of coffee.,670,0.53,0.201,7.42,0,beautiful weather today going out for a cup of coffee,0.3569903948772679,-0.9276541542433882,0.201
C0895,Earn passive income easily. Sign up using code BOT999. Real cash!,15,16.54,0.761,44.96,1,earn passive income easily sign up using code bot real cash,0.007470651013874066,1.5946778390034393,0.761
C0896,Boycott this movie! It hurts community sentiments! #BoycottTrending,6,14.48,0.925,36.69,1,boycott this movie it hurts community sentiments #boycotttrending,0.002668089647812167,1.2701304369991633,0.925
C0897,Unbelievable development! Best leader of all time! Truly visionary leadership!,77,22.58,0.778,56.53,1,unbelievable development best leader of all time truly visionary leadership,0.040554962646744935,2.5462634254625796,0.778
C0898,This is the best government in history. Clean sweep in next elections! #PropagandaCampaign #MUSTWATCH,13,14.01,0.758,37.89,1,this is the best government in history clean sweep in next elections #propagandacampaign #mustwatch,0.0064034151547492,1.1960832142117794,0.758
C0899,Follow my account for free premium tips and tricks. Guaranteed success! #JOINNOW,16,14.38,0.839,39.97,1,follow my account for free premium tips and tricks guaranteed success #joinnow,0.0080042689434365,1.2543757087465284,0.839
C0900,Boycott this movie! It hurts community sentiments! #BoycottTrending #ALERT,6,9.61,0.929,27.06,1,boycott this movie it hurts community sentiments #boycotttrending #alert,0.002668089647812167,0.5028751710958493,0.929
C0901,What a great performance by the team. Very happy with the result. 😊,1439,0.86,0.178,13.7,0,what a great performance by the team very happy with the result,0.7673425827107792,-0.8756635510096934,0.178
C0902,Unbelievable development! Best leader of all time! Truly visionary leadership! #ALERT,2,13.13,0.705,39.0,1,unbelievable development best leader of all time truly visionary leadership #alert,0.0005336179295624333,1.0574416055885936,0.705
C0903,"I'm not sure if this is correct, but let's see how it goes.",1311,0.05,0.2,1.0,0,im not sure if this is correct but lets see how it goes,0.6990394877267877,-1.0032768498560352,0.2
C0904,Does anyone know if the local train is running on schedule today? ...,413,0.99,0.092,6.13,0,does anyone know if the local train is running on schedule today,0.2198505869797225,-0.8551824042812682,0.092
C0905,AMAZING OFFER! GET FREE CRYPTO NOW! CLICK LINK BELOW!!! #ALERT,34,2.0,0.737,11.73,1,amazing offer get free crypto now click link below #alert,0.0176093916755603,-0.696059648929657,0.737
C0906,The customer service was really helpful and sorted my issue in 5 minutes. haha,106,0.15,0.176,24.85,0,the customer service was really helpful and sorted my issue in minutes haha,0.056029882604055496,-0.9875221216034004,0.176
C0907,I absolutely love this new update! The UI looks clean and crisp.,256,0.08,0.184,18.02,0,i absolutely love this new update the ui looks clean and crisp,0.1360725720384205,-0.9985504313802447,0.184
C0908,SUPPORT THIS LEADER FOR BETTER FUTURE! DO NOT TRUST THE OPPOSITION!! #Victory2026,25,9.5,0.906,24.27,1,support this leader for better future do not trust the opposition #victory,0.012806830309498399,0.48554497001795116,0.906
C0909,"This recipe looks delicious, definitely trying it out this Sunday!",1350,0.59,0.219,19.33,0,this recipe looks delicious definitely trying it out this sunday,0.7198505869797226,-0.9182013172918074,0.219
C0910,CLICK HERE TO EARN $500 DAILY WORKING FROM HOME! 100% REAL LINK IN BIO!!! #MUSTWATCH,21,10.41,0.727,35.4,1,click here to earn daily working from home real link in bio #mustwatch,0.010672358591248666,0.6289129971169276,0.727
C0911,"Worst brand ever! Total scam, do not buy their products! SCAMMER!! #ALERT",22,6.1,0.579,19.05,1,worst brand ever total scam do not buy their products scammer #alert,0.011205976520811099,-0.050115790571631263,0.579
C0912,Just finished reading this book. Highly recommend it to everyone.,1056,0.54,0.139,5.5,0,just finished reading this book highly recommend it to everyone,0.5629669156883672,-0.9260786814181248,0.139
C0913,"I don't agree with your opinion, but I appreciate the respectful debate here.",893,0.27,0.0,17.97,0,i dont agree with your opinion but i appreciate the respectful debate here,0.47598719316969057,-0.9686164477002386,0.0
C0914,I absolutely love this new update! The UI looks clean and crisp.,1183,0.52,0.173,17.37,0,i absolutely love this new update the ui looks clean and crisp,0.6307363927427962,-0.9292296270686516,0.173
C0915,This is completely fake! Stop spreading negative rumors immediately! #MUSTWATCH,67,17.01,0.847,48.85,1,this is completely fake stop spreading negative rumors immediately #mustwatch,0.0352187833511206,1.6687250617908231,0.847
C0916,Unbelievable development! Best leader of all time! Truly visionary leadership!,74,10.25,0.648,27.79,1,unbelievable development best leader of all time truly visionary leadership,0.03895410885805763,0.603705431912712,0.648
C0917,I absolutely love this new update! The UI looks clean and crisp.,467,0.31,0.068,6.67,0,i absolutely love this new update the ui looks clean and crisp,0.2486659551760939,-0.9623145563991848,0.068
C0918,Can someone explain how to solve the 3rd question in the ML assignment?,1649,0.9,0.342,5.89,0,can someone explain how to solve the rd question in the ml assignment,0.8794023479188902,-0.8693616597086395,0.342
C0919,SUPPORT THIS LEADER FOR BETTER FUTURE! DO NOT TRUST THE OPPOSITION!! #Victory2026,3,6.04,0.811,17.79,1,support this leader for better future do not trust the opposition #victory,0.0010672358591248669,-0.05956862752321207,0.811
C0920,Earn passive income easily. Sign up using code BOT999. Real cash!,51,5.75,0.928,18.64,1,earn passive income easily sign up using code bot real cash,0.026680896478121666,-0.10525733945585293,0.928
C0921,This is completely fake! Stop spreading negative rumors immediately!,81,11.57,0.92,35.58,1,this is completely fake stop spreading negative rumors immediately,0.042689434364994665,0.8116678448474911,0.92
C0922,Beautiful weather today. Going out for a cup of coffee.,1101,0.64,0.17,15.25,0,beautiful weather today going out for a cup of coffee,0.5869797225186767,-0.91032395316549,0.17
C0923,"Honestly, I think the movie was slightly overrated, but the acting was top tier.",654,0.42,0.195,9.63,0,honestly i think the movie was slightly overrated but the acting was top tier,0.34845250800426897,-0.9449843553212864,0.195
C0924,"Worst brand ever! Total scam, do not buy their products! SCAMMER!!",59,10.54,1.0,28.4,1,worst brand ever total scam do not buy their products scammer,0.030949839914621136,0.6493941438453527,1.0
C0925,Just finished reading this book. Highly recommend it to everyone. 👍,1112,0.26,0.072,17.41,0,just finished reading this book highly recommend it to everyone,0.5928495197438635,-0.9701919205255022,0.072
C0926,Struggling with coding errors all day... need a break lol.,260,0.38,0.153,12.56,0,struggling with coding errors all day need a break lol,0.13820704375667023,-0.9512862466223404,0.153
C0927,"This recipe looks delicious, definitely trying it out this Sunday!",728,0.62,0.219,15.67,0,this recipe looks delicious definitely trying it out this sunday,0.38794023479188905,-0.913474898816017,0.219
C0928,Just finished reading this book. Highly recommend it to everyone. ...,405,0.41,0.269,16.47,0,just finished reading this book highly recommend it to everyone,0.21558164354322307,-0.9465598281465499,0.269
C0929,Earn passive income easily. Sign up using code BOT999. Real cash!,26,12.09,0.625,31.86,1,earn passive income easily sign up using code bot real cash,0.013340448239060833,0.8935924317611919,0.625
C0930,Can someone explain how to solve the 3rd question in the ML assignment? !!,88,0.89,0.226,9.49,0,can someone explain how to solve the rd question in the ml assignment,0.046424759871931696,-0.870937132533903,0.226
C0931,AMAZING OFFER! GET FREE CRYPTO NOW! CLICK LINK BELOW!!! #ALERT,10,6.33,0.872,18.42,1,amazing offer get free crypto now click link below #alert,0.0048025613660619,-0.013879915590571213,0.872
C0932,Beautiful weather today. Going out for a cup of coffee.,705,0.72,0.192,13.33,0,beautiful weather today going out for a cup of coffee,0.3756670224119531,-0.8977201705633822,0.192
C0933,Beautiful weather today. Going out for a cup of coffee.,664,0.61,0.138,14.29,0,beautiful weather today going out for a cup of coffee,0.3537886872998933,-0.9150503716412803,0.138
C0934,SUPPORT #LEADER2026 NOW! SHARE THIS MESSAGE TO 10 GROUPS NOW!!! #MUSTWATCH,13,11.91,0.713,33.25,1,support #leader now share this message to groups now #mustwatch,0.0064034151547492,0.8652339209064492,0.713
C0935,CLICK HERE TO EARN $500 DAILY WORKING FROM HOME! 100% REAL LINK IN BIO!!!,12,10.18,0.831,30.49,1,click here to earn daily working from home real link in bio,0.005869797225186767,0.5926771221358677,0.831
C0936,"Wow, that sunset is gorgeous! Thanks for sharing the photo.",1113,0.37,0.191,14.75,0,wow that sunset is gorgeous thanks for sharing the photo,0.5933831376734259,-0.9528617194476039,0.191
C0937,"I'm not sure if this is correct, but let's see how it goes. 👍",977,0.25,0.165,13.82,0,im not sure if this is correct but lets see how it goes,0.520811099252935,-0.9717673933507656,0.165
C0938,This person is a traitor! Stop spreading lies about our great country!,13,20.88,0.801,53.41,1,this person is a traitor stop spreading lies about our great country,0.0064034151547492,2.2784330451677888,0.801
C0939,Unbelievable development! Best leader of all time! Truly visionary leadership!,12,12.12,0.845,35.64,1,unbelievable development best leader of all time truly visionary leadership,0.005869797225186767,0.8983188502369822,0.845
C0940,"I don't agree with your opinion, but I appreciate the respectful debate here. 👍",1277,0.12,0.223,14.95,0,i dont agree with your opinion but i appreciate the respectful debate here,0.680896478121665,-0.9922485400791908,0.223
C0941,Earn passive income easily. Sign up using code BOT999. Real cash! #ALERT,88,15.27,0.749,39.98,1,earn passive income easily sign up using code bot real cash #alert,0.046424759871931696,1.3945927901949777,0.749
C0942,Follow my account for free premium tips and tricks. Guaranteed success! #ALERT,41,9.11,0.663,28.19,1,follow my account for free premium tips and tricks guaranteed success #alert,0.021344717182497332,0.42410152983267546,0.663
C0943,I absolutely love this new update! The UI looks clean and crisp.,774,0.52,0.157,11.25,0,i absolutely love this new update the ui looks clean and crisp,0.412486659551761,-0.9292296270686516,0.157
C0944,That match last night was insane! What a finish in the last minute.,1276,0.47,0.038,10.03,0,that match last night was insane what a finish in the last minute,0.6803628601921026,-0.9371069911949691,0.038
C0945,"I'm not sure if this is correct, but let's see how it goes.",871,0.87,0.21,7.75,0,im not sure if this is correct but lets see how it goes,0.46424759871931703,-0.87408807818443,0.21
C0946,Unbelievable development! Best leader of all time! Truly visionary leadership! #ALERT,22,8.56,1.0,26.44,1,unbelievable development best leader of all time truly visionary leadership #alert,0.011205976520811099,0.33745052444318435,1.0
C0947,This is completely fake! Stop spreading negative rumors immediately!,38,13.51,0.946,40.05,1,this is completely fake stop spreading negative rumors immediately,0.019743863393810034,1.1173095729486056,0.946
C0948,That match last night was insane! What a finish in the last minute.,1148,0.41,0.093,13.66,0,that match last night was insane what a finish in the last minute,0.612059765208111,-0.9465598281465499,0.093
C0949,Struggling with coding errors all day... need a break lol. 👍,1173,0.43,0.257,19.26,0,struggling with coding errors all day need a break lol,0.6254002134471719,-0.9434088824960231,0.257
C0950,This person is a traitor! Stop spreading lies about our great country!,10,15.99,0.712,41.41,1,this person is a traitor stop spreading lies about our great country,0.0048025613660619,1.508026833613948,0.712
C0951,That match last night was insane! What a finish in the last minute.,678,0.51,0.124,11.7,0,that match last night was insane what a finish in the last minute,0.3612593383137674,-0.9308050998939152,0.124
C0952,I absolutely love this new update! The UI looks clean and crisp.,888,0.09,0.025,1.0,0,i absolutely love this new update the ui looks clean and crisp,0.4733191035218784,-0.9969749585549813,0.025
C0953,This is the best government in history. Clean sweep in next elections! #PropagandaCampaign,64,15.77,1.0,48.15,1,this is the best government in history clean sweep in next elections #propagandacampaign,0.0336179295624333,1.4733664314581516,1.0
C0954,That match last night was insane! What a finish in the last minute.,727,0.47,0.25,20.52,0,that match last night was insane what a finish in the last minute,0.38740661686232664,-0.9371069911949691,0.25
C0955,"Honestly, I think the movie was slightly overrated, but the acting was top tier.",144,0.05,0.088,14.91,0,honestly i think the movie was slightly overrated but the acting was top tier,0.07630736392742797,-1.0032768498560352,0.088
C0956,"Wow, that sunset is gorgeous! Thanks for sharing the photo.",998,0.82,0.03,1.0,0,wow that sunset is gorgeous thanks for sharing the photo,0.532017075773746,-0.8819654423107474,0.03
C0957,AMAZING OFFER! GET FREE CRYPTO NOW! CLICK LINK BELOW!!!,9,12.34,0.998,38.09,1,amazing offer get free crypto now click link below,0.004268943436499467,0.9329792523927788,0.998
C0958,"Worst brand ever! Total scam, do not buy their products! SCAMMER!!",164,5.31,0.895,9.71,1,worst brand ever total scam do not buy their products scammer,0.08697972251867664,-0.174578143767446,0.895
C0959,This is completely fake! Stop spreading negative rumors immediately! #MUSTWATCH,13,6.36,0.751,21.69,1,this is completely fake stop spreading negative rumors immediately #mustwatch,0.0064034151547492,-0.00915349711478074,0.751
C0960,SUPPORT #LEADER2026 NOW! SHARE THIS MESSAGE TO 10 GROUPS NOW!!!,6,14.72,0.839,42.0,1,support #leader now share this message to groups now,0.002668089647812167,1.3079417848054864,0.839
C0961,That match last night was insane! What a finish in the last minute. !!,401,0.45,0.0,12.89,0,that match last night was insane what a finish in the last minute,0.21344717182497333,-0.940257936845496,0.0
C0962,"This recipe looks delicious, definitely trying it out this Sunday!",1371,0.06,0.091,13.65,0,this recipe looks delicious definitely trying it out this sunday,0.7310565635005337,-1.0017013770307717,0.091
C0963,SUPPORT THIS LEADER FOR BETTER FUTURE! DO NOT TRUST THE OPPOSITION!! #Victory2026,2,11.57,0.746,32.1,1,support this leader for better future do not trust the opposition #victory,0.0005336179295624333,0.8116678448474911,0.746
C0964,"I don't agree with your opinion, but I appreciate the respectful debate here.",1237,1.07,0.089,17.69,0,i dont agree with your opinion but i appreciate the respectful debate here,0.6595517609391676,-0.8425786216791604,0.089
C0965,"Haha that is so funny, thanks for making my day!",811,0.44,0.3,11.95,0,haha that is so funny thanks for making my day,0.432230522945571,-0.9418334096707595,0.3
C0966,Beautiful weather today. Going out for a cup of coffee. 😊,918,0.57,0.0,13.44,0,beautiful weather today going out for a cup of coffee,0.4893276414087514,-0.9213522629423343,0.0
C0967,What a great performance by the team. Very happy with the result. 👍,574,0.07,0.098,9.37,0,what a great performance by the team very happy with the result,0.3057630736392743,-1.0001259042055082,0.098
C0968,"This recipe looks delicious, definitely trying it out this Sunday!",1211,0.18,0.071,13.18,0,this recipe looks delicious definitely trying it out this sunday,0.6456776947705444,-0.98279570312761,0.071
C0969,Can someone explain how to solve the 3rd question in the ML assignment? 😊,269,0.3,0.0,16.6,0,can someone explain how to solve the rd question in the ml assignment,0.14300960512273211,-0.9638900292244482,0.0
C0970,CLICK HERE TO EARN $500 DAILY WORKING FROM HOME! 100% REAL LINK IN BIO!!!,71,10.79,0.551,28.17,1,click here to earn daily working from home real link in bio,0.03735325506937033,0.6887809644769396,0.551
C0971,This channel is biased and spreading fake propaganda. Ban them! #ALERT,4,7.77,0.673,21.46,1,this channel is biased and spreading fake propaganda ban them #alert,0.0016008537886873,0.2129881712473695,0.673
C0972,The customer service was really helpful and sorted my issue in 5 minutes.,603,0.38,0.179,7.54,0,the customer service was really helpful and sorted my issue in minutes,0.3212379935965849,-0.9512862466223404,0.179
C0973,Can someone explain how to solve the 3rd question in the ML assignment?,927,0.65,0.103,7.98,0,can someone explain how to solve the rd question in the ml assignment,0.4941302027748133,-0.9087484803402265,0.103
C0974,Does anyone know if the local train is running on schedule today?,834,0.44,0.172,19.85,0,does anyone know if the local train is running on schedule today,0.44450373532550697,-0.9418334096707595,0.172
C0975,Earn passive income easily. Sign up using code BOT999. Real cash!,82,12.27,0.78,32.21,1,earn passive income easily sign up using code bot real cash,0.0432230522945571,0.9219509426159344,0.78
C0976,AMAZING OFFER! GET FREE CRYPTO NOW! CLICK LINK BELOW!!!,11,8.59,0.624,28.72,1,amazing offer get free crypto now click link below,0.005336179295624333,0.34217694291897466,0.624
C0977,SUPPORT THIS LEADER FOR BETTER FUTURE! DO NOT TRUST THE OPPOSITION!! #Victory2026,6,3.07,0.693,13.92,1,support this leader for better future do not trust the opposition #victory,0.002668089647812167,-0.5274840566264649,0.693
C0978,THE TRUTH HAS BEEN EXPOSED! WATCH THIS VIDEO BEFORE IT GETS DELETED!!! #JOINNOW,12,17.78,0.802,51.22,1,the truth has been exposed watch this video before it gets deleted #joinnow,0.005869797225186767,1.7900364693361108,0.802
C0979,"This recipe looks delicious, definitely trying it out this Sunday!",1320,0.55,0.03,10.9,0,this recipe looks delicious definitely trying it out this sunday,0.7038420490928495,-0.9245032085928613,0.03
C0980,SUPPORT #LEADER2026 NOW! SHARE THIS MESSAGE TO 10 GROUPS NOW!!! #JOINNOW,17,9.03,0.754,26.35,1,support #leader now share this message to groups now #joinnow,0.008537886872998933,0.41149774723056765,0.754
C0981,Can someone explain how to solve the 3rd question in the ML assignment?,640,0.14,0.11,13.35,0,can someone explain how to solve the rd question in the ml assignment,0.3409818569903949,-0.9890975944286639,0.11
C0982,SUPPORT THIS LEADER FOR BETTER FUTURE! DO NOT TRUST THE OPPOSITION!! #Victory2026,120,17.26,0.732,45.74,1,support this leader for better future do not trust the opposition #victory,0.06350053361792957,1.7081118824224102,0.732
C0983,Unbelievable development! Best leader of all time! Truly visionary leadership! #MUSTWATCH,7,6.1,0.942,21.34,1,unbelievable development best leader of all time truly visionary leadership #mustwatch,0.0032017075773746,-0.050115790571631263,0.942
C0984,SUPPORT THIS LEADER FOR BETTER FUTURE! DO NOT TRUST THE OPPOSITION!! #Victory2026 #ALERT,3,7.0,0.667,18.14,1,support this leader for better future do not trust the opposition #victory #alert,0.0010672358591248669,0.09167676370208178,0.667
C0985,This is the best government in history. Clean sweep in next elections! #PropagandaCampaign,5,17.28,0.949,49.09,1,this is the best government in history clean sweep in next elections #propagandacampaign,0.0021344717182497333,1.711262828072937,0.949
C0986,Does anyone know if the local train is running on schedule today?,412,0.41,0.089,8.45,0,does anyone know if the local train is running on schedule today,0.2193169690501601,-0.9465598281465499,0.089
C0987,Can someone explain how to solve the 3rd question in the ML assignment? 😊,1191,0.09,0.311,16.14,0,can someone explain how to solve the rd question in the ml assignment,0.6350053361792957,-0.9969749585549813,0.311
C0988,"Haha that is so funny, thanks for making my day!",1236,0.36,0.135,4.83,0,haha that is so funny thanks for making my day,0.6590181430096052,-0.9544371922728673,0.135
C0989,This is completely fake! Stop spreading negative rumors immediately! #ALERT,49,10.69,0.896,25.95,1,this is completely fake stop spreading negative rumors immediately #alert,0.025613660618996798,0.6730262362243049,0.896
C0990,The customer service was really helpful and sorted my issue in 5 minutes.,1258,0.54,0.092,8.98,0,the customer service was really helpful and sorted my issue in minutes,0.6707577374599787,-0.9260786814181248,0.092
C0991,Just finished reading this book. Highly recommend it to everyone. 😊,246,0.34,0.124,6.69,0,just finished reading this book highly recommend it to everyone,0.13073639274279616,-0.9575881379233944,0.124
C0992,Does anyone know if the local train is running on schedule today?,781,0.64,0.129,15.31,0,does anyone know if the local train is running on schedule today,0.416221985058698,-0.91032395316549,0.129
C0993,Beautiful weather today. Going out for a cup of coffee.,477,0.8,0.162,19.73,0,beautiful weather today going out for a cup of coffee,0.25400213447171827,-0.8851163879612743,0.162
C0994,This channel is biased and spreading fake propaganda. Ban them! #JOINNOW,7,21.66,0.668,54.37,1,this channel is biased and spreading fake propaganda ban them #joinnow,0.0032017075773746,2.40131992553834,0.668
C0995,AMAZING OFFER! GET FREE CRYPTO NOW! CLICK LINK BELOW!!!,43,13.52,0.784,38.5,1,amazing offer get free crypto now click link below,0.0224119530416222,1.118885045773869,0.784
C0996,"Honestly, I think the movie was slightly overrated, but the acting was top tier. 👍",1403,0.43,0.0,15.72,0,honestly i think the movie was slightly overrated but the acting was top tier,0.7481323372465315,-0.9434088824960231,0.0
C0997,Can someone explain how to solve the 3rd question in the ML assignment?,466,0.46,0.229,13.49,0,can someone explain how to solve the rd question in the ml assignment,0.2481323372465315,-0.9386824640202326,0.229
C0998,Boycott this movie! It hurts community sentiments! #BoycottTrending,18,11.59,0.536,32.59,1,boycott this movie it hurts community sentiments #boycotttrending,0.009071504802561366,0.814818790498018,0.536
C0999,Struggling with coding errors all day... need a break lol.,857,0.75,0.219,14.91,0,struggling with coding errors all day need a break lol,0.45677694770544297,-0.8929937520875917,0.219
C1000,"This recipe looks delicious, definitely trying it out this Sunday!",480,0.05,0.111,17.01,0,this recipe looks delicious definitely trying it out this sunday,0.25560298826040556,-1.0032768498560352,0.111
C1001,Earn passive income easily. Sign up using code BOT999. Real cash!,48,12.64,0.869,36.55,1,earn passive income easily sign up using code bot real cash,0.025080042689434368,0.9802434371506832,0.869
C1002,"I'm not sure if this is correct, but let's see how it goes.",1048,0.4,0.259,11.38,0,im not sure if this is correct but lets see how it goes,0.5586979722518677,-0.9481353009718134,0.259
C1003,Beautiful weather today. Going out for a cup of coffee. haha,572,0.33,0.344,8.29,0,beautiful weather today going out for a cup of coffee haha,0.30469583778014947,-0.9591636107486577,0.344
C1004,"Honestly, I think the movie was slightly overrated, but the acting was top tier. haha",1316,0.16,0.199,13.49,0,honestly i think the movie was slightly overrated but the acting was top tier haha,0.7017075773745999,-0.9859466487781369,0.199
C1005,Follow my account for free premium tips and tricks. Guaranteed success!,7,18.48,0.921,48.32,1,follow my account for free premium tips and tricks guaranteed success,0.0032017075773746,1.9003195671045543,0.921
C1006,Don't listen to this fake news! The truth is hidden by mainstream media! #MUSTWATCH,20,8.46,0.5,25.33,1,dont listen to this fake news the truth is hidden by mainstream media #mustwatch,0.010138740661686232,0.3216957961905496,0.5
C1007,Does anyone know if the local train is running on schedule today? !!,1179,0.2,0.235,6.82,0,does anyone know if the local train is running on schedule today,0.6286019210245465,-0.9796447574770829,0.235
C1008,"Honestly, I think the movie was slightly overrated, but the acting was top tier.",741,0.73,0.031,12.91,0,honestly i think the movie was slightly overrated but the acting was top tier,0.3948772678762007,-0.8961446977381188,0.031
C1009,"Honestly, I think the movie was slightly overrated, but the acting was top tier.",1285,0.64,0.078,19.59,0,honestly i think the movie was slightly overrated but the acting was top tier,0.6851654215581644,-0.91032395316549,0.078
C1010,Can someone explain how to solve the 3rd question in the ML assignment?,1063,0.05,0.236,9.14,0,can someone explain how to solve the rd question in the ml assignment,0.5667022411953042,-1.0032768498560352,0.236
C1011,AMAZING OFFER! GET FREE CRYPTO NOW! CLICK LINK BELOW!!! #JOINNOW,69,12.79,0.758,31.21,1,amazing offer get free crypto now click link below #joinnow,0.03628601921024546,1.003875529529635,0.758
C1012,The customer service was really helpful and sorted my issue in 5 minutes.,951,0.87,0.09,1.0,0,the customer service was really helpful and sorted my issue in minutes,0.5069370330843117,-0.87408807818443,0.09
C1013,I absolutely love this new update! The UI looks clean and crisp. 👍,635,0.77,0.204,14.14,0,i absolutely love this new update the ui looks clean and crisp,0.3383137673425827,-0.8898428064370647,0.204
C1014,SUPPORT #LEADER2026 NOW! SHARE THIS MESSAGE TO 10 GROUPS NOW!!!,7,7.17,0.77,23.52,1,support #leader now share this message to groups now,0.0032017075773746,0.11845980173156088,0.77
C1015,This is the best government in history. Clean sweep in next elections! #PropagandaCampaign,31,19.35,0.73,49.99,1,this is the best government in history clean sweep in next elections #propagandacampaign,0.016008537886873,2.037385702902477,0.73
C1016,SUPPORT THIS LEADER FOR BETTER FUTURE! DO NOT TRUST THE OPPOSITION!! #Victory2026,2,14.52,0.575,42.43,1,support this leader for better future do not trust the opposition #victory,0.0005336179295624333,1.276432328300217,0.575
C1017,Earn passive income easily. Sign up using code BOT999. Real cash! #ALERT,18,15.52,0.806,45.21,1,earn passive income easily sign up using code bot real cash #alert,0.009071504802561366,1.4339796108265648,0.806
C1018,Does anyone know if the local train is running on schedule today?,556,0.61,0.181,2.55,0,does anyone know if the local train is running on schedule today,0.2961579509071505,-0.9150503716412803,0.181
C1019,"I don't agree with your opinion, but I appreciate the respectful debate here.",1606,0.89,0.11,6.49,0,i dont agree with your opinion but i appreciate the respectful debate here,0.8564567769477055,-0.870937132533903,0.11
C1020,That match last night was insane! What a finish in the last minute.,939,0.53,0.186,12.96,0,that match last night was insane what a finish in the last minute,0.5005336179295625,-0.9276541542433882,0.186
C1021,I absolutely love this new update! The UI looks clean and crisp.,1002,0.93,0.207,6.75,0,i absolutely love this new update the ui looks clean and crisp,0.5341515474919958,-0.8646352412328492,0.207
C1022,Just finished reading this book. Highly recommend it to everyone.,1345,0.99,0.465,6.38,0,just finished reading this book highly recommend it to everyone,0.7171824973319104,-0.8551824042812682,0.465
C1023,This channel is biased and spreading fake propaganda. Ban them!,13,6.35,0.811,18.66,1,this channel is biased and spreading fake propaganda ban them,0.0064034151547492,-0.010728969940044325,0.811
C1024,"Honestly, I think the movie was slightly overrated, but the acting was top tier.",1002,0.46,0.067,8.2,0,honestly i think the movie was slightly overrated but the acting was top tier,0.5341515474919958,-0.9386824640202326,0.067
C1025,Does anyone know if the local train is running on schedule today?,1572,0.63,0.0,14.75,0,does anyone know if the local train is running on schedule today,0.8383137673425828,-0.9118994259907535,0.0
C1026,Just finished reading this book. Highly recommend it to everyone. !!,722,0.5,0.232,17.92,0,just finished reading this book highly recommend it to everyone,0.38473852721451446,-0.9323805727191786,0.232
C1027,Does anyone know if the local train is running on schedule today? haha,456,0.49,0.095,14.98,0,does anyone know if the local train is running on schedule today haha,0.24279615795090717,-0.9339560455444421,0.095
C1028,Follow my account for free premium tips and tricks. Guaranteed success! #ALERT,1,11.07,0.997,33.71,1,follow my account for free premium tips and tricks guaranteed success #alert,0.0,0.7328942035843172,0.997
C1029,This person is a traitor! Stop spreading lies about our great country!,20,21.56,0.845,57.6,1,this person is a traitor stop spreading lies about our great country,0.010138740661686232,2.3855651972857053,0.845
C1030,"I don't agree with your opinion, but I appreciate the respectful debate here.",161,0.27,0.137,8.42,0,i dont agree with your opinion but i appreciate the respectful debate here,0.08537886872998934,-0.9686164477002386,0.137
C1031,"Haha that is so funny, thanks for making my day! haha",556,0.97,0.153,12.59,0,haha that is so funny thanks for making my day haha,0.2961579509071505,-0.8583333499317952,0.153
C1032,"I'm not sure if this is correct, but let's see how it goes. !!",530,0.85,0.129,9.4,0,im not sure if this is correct but lets see how it goes,0.2822838847385273,-0.877239023834957,0.129
C1033,SUPPORT #LEADER2026 NOW! SHARE THIS MESSAGE TO 10 GROUPS NOW!!!,2,5.68,1.0,14.83,1,support #leader now share this message to groups now,0.0005336179295624333,-0.11628564923269731,1.0
C1034,Can someone explain how to solve the 3rd question in the ML assignment?,59,0.74,0.082,10.41,0,can someone explain how to solve the rd question in the ml assignment,0.030949839914621136,-0.8945692249128552,0.082
C1035,That match last night was insane! What a finish in the last minute.,487,0.42,0.31,16.01,0,that match last night was insane what a finish in the last minute,0.2593383137673426,-0.9449843553212864,0.31
C1036,"I'm not sure if this is correct, but let's see how it goes. 👍",1144,0.08,0.035,1.0,0,im not sure if this is correct but lets see how it goes,0.6099252934898614,-0.9985504313802447,0.035
C1037,AMAZING OFFER! GET FREE CRYPTO NOW! CLICK LINK BELOW!!! #MUSTWATCH,43,8.15,0.661,25.85,1,amazing offer get free crypto now click link below #mustwatch,0.0224119530416222,0.2728561386073817,0.661
C1038,Beautiful weather today. Going out for a cup of coffee.,787,0.78,0.37,8.15,0,beautiful weather today going out for a cup of coffee,0.4194236926360726,-0.8882673336118012,0.37
C1039,This channel is biased and spreading fake propaganda. Ban them!,58,7.08,0.884,28.24,1,this channel is biased and spreading fake propaganda ban them,0.030416221985058698,0.1042805463041896,0.884
C1040,THE TRUTH HAS BEEN EXPOSED! WATCH THIS VIDEO BEFORE IT GETS DELETED!!!,4,17.48,0.604,49.21,1,the truth has been exposed watch this video before it gets deleted,0.0016008537886873,1.7427722845782065,0.604
C1041,What a great performance by the team. Very happy with the result. ...,583,0.54,0.221,13.1,0,what a great performance by the team very happy with the result,0.31056563500533624,-0.9260786814181248,0.221
C1042,"Worst brand ever! Total scam, do not buy their products! SCAMMER!!",44,7.96,0.915,21.99,1,worst brand ever total scam do not buy their products scammer,0.02294557097118463,0.24292215492737562,0.915
C1043,I absolutely love this new update! The UI looks clean and crisp.,1099,0.58,0.055,13.59,0,i absolutely love this new update the ui looks clean and crisp,0.5859124866595519,-0.9197767901170708,0.055
C1044,I absolutely love this new update! The UI looks clean and crisp.,403,0.31,0.169,13.49,0,i absolutely love this new update the ui looks clean and crisp,0.21451440768409819,-0.9623145563991848,0.169
C1045,"I don't agree with your opinion, but I appreciate the respectful debate here. 👍",324,0.82,0.207,8.48,0,i dont agree with your opinion but i appreciate the respectful debate here,0.17235859124866595,-0.8819654423107474,0.207
C1046,"I don't agree with your opinion, but I appreciate the respectful debate here. haha",184,0.46,0.105,12.57,0,i dont agree with your opinion but i appreciate the respectful debate here haha,0.0976520811099253,-0.9386824640202326,0.105
C1047,I absolutely love this new update! The UI looks clean and crisp.,654,0.05,0.111,10.47,0,i absolutely love this new update the ui looks clean and crisp,0.34845250800426897,-1.0032768498560352,0.111
C1048,"I'm not sure if this is correct, but let's see how it goes.",1053,0.29,0.318,2.44,0,im not sure if this is correct but lets see how it goes,0.5613660618996799,-0.9654655020497117,0.318
C1049,This is the best government in history. Clean sweep in next elections! #PropagandaCampaign,1,11.76,0.739,34.59,1,this is the best government in history clean sweep in next elections #propagandacampaign,0.0,0.8416018285274971,0.739
C1050,THE TRUTH HAS BEEN EXPOSED! WATCH THIS VIDEO BEFORE IT GETS DELETED!!!,3,12.26,0.903,35.74,1,the truth has been exposed watch this video before it gets deleted,0.0010672358591248669,0.920375469790671,0.903
C1051,AMAZING OFFER! GET FREE CRYPTO NOW! CLICK LINK BELOW!!!,15,11.28,0.819,32.95,1,amazing offer get free crypto now click link below,0.007470651013874066,0.7659791329148501,0.819
C1052,"Wow, that sunset is gorgeous! Thanks for sharing the photo. ...",966,0.67,0.133,7.44,0,wow that sunset is gorgeous thanks for sharing the photo,0.5149413020277482,-0.9055975346896995,0.133
C1053,"Worst brand ever! Total scam, do not buy their products! SCAMMER!! #JOINNOW",37,7.13,0.871,19.21,1,worst brand ever total scam do not buy their products scammer #joinnow,0.0192102454642476,0.11215791043050696,0.871
C1054,CLICK HERE TO EARN $500 DAILY WORKING FROM HOME! 100% REAL LINK IN BIO!!! #MUSTWATCH,41,11.35,0.725,28.38,1,click here to earn daily working from home real link in bio #mustwatch,0.021344717182497332,0.7770074426916944,0.725
C1055,Don't listen to this fake news! The truth is hidden by mainstream media! #ALERT,123,7.64,0.962,20.61,1,dont listen to this fake news the truth is hidden by mainstream media #alert,0.06510138740661688,0.19250702451894428,0.962
C1056,Can someone explain how to solve the 3rd question in the ML assignment? !!,774,0.57,0.121,18.78,0,can someone explain how to solve the rd question in the ml assignment,0.412486659551761,-0.9213522629423343,0.121
C1057,Earn passive income easily. Sign up using code BOT999. Real cash! #JOINNOW,62,9.3,0.669,23.39,1,earn passive income easily sign up using code bot real cash #joinnow,0.03255069370330843,0.45403551351268173,0.669
C1058,Can someone explain how to solve the 3rd question in the ML assignment?,1367,0.17,0.362,7.8,0,can someone explain how to solve the rd question in the ml assignment,0.728922091782284,-0.9843711759528734,0.362
C1059,Just finished reading this book. Highly recommend it to everyone.,1099,0.46,0.118,5.64,0,just finished reading this book highly recommend it to everyone,0.5859124866595519,-0.9386824640202326,0.118
C1060,"Worst brand ever! Total scam, do not buy their products! SCAMMER!!",14,11.61,0.727,32.91,1,worst brand ever total scam do not buy their products scammer,0.006937033084311634,0.8179697361485448,0.727
C1061,Beautiful weather today. Going out for a cup of coffee.,1183,0.56,0.181,6.52,0,beautiful weather today going out for a cup of coffee,0.6307363927427962,-0.9229277357675979,0.181
C1062,"Worst brand ever! Total scam, do not buy their products! SCAMMER!! #MUSTWATCH",33,18.79,0.718,50.73,1,worst brand ever total scam do not buy their products scammer #mustwatch,0.017075773745997867,1.9491592246877218,0.718
C1063,Boycott this movie! It hurts community sentiments! #BoycottTrending,1,2.0,0.928,13.77,1,boycott this movie it hurts community sentiments #boycotttrending,0.0,-0.696059648929657,0.928
C1064,Beautiful weather today. Going out for a cup of coffee.,755,0.38,0.144,13.69,0,beautiful weather today going out for a cup of coffee,0.40234791889007476,-0.9512862466223404,0.144
C1065,Don't listen to this fake news! The truth is hidden by mainstream media! #JOINNOW,21,13.02,0.858,40.51,1,dont listen to this fake news the truth is hidden by mainstream media #joinnow,0.010672358591248666,1.0401114045106952,0.858
C1066,I absolutely love this new update! The UI looks clean and crisp.,947,0.46,0.26,1.0,0,i absolutely love this new update the ui looks clean and crisp,0.5048025613660619,-0.9386824640202326,0.26
C1067,"Worst brand ever! Total scam, do not buy their products! SCAMMER!! #ALERT",103,9.94,0.738,25.43,1,worst brand ever total scam do not buy their products scammer #alert,0.0544290288153682,0.5548657743295441,0.738
C1068,AMAZING OFFER! GET FREE CRYPTO NOW! CLICK LINK BELOW!!!,60,8.94,0.796,17.75,1,amazing offer get free crypto now click link below,0.03148345784418356,0.39731849180319634,0.796
C1069,What a great performance by the team. Very happy with the result.,1327,0.43,0.182,13.12,0,what a great performance by the team very happy with the result,0.7075773745997866,-0.9434088824960231,0.182
C1070,Can someone explain how to solve the 3rd question in the ML assignment?,1304,0.05,0.161,17.73,0,can someone explain how to solve the rd question in the ml assignment,0.6953041622198507,-1.0032768498560352,0.161
C1071,That match last night was insane! What a finish in the last minute.,760,0.21,0.09,10.04,0,that match last night was insane what a finish in the last minute,0.40501600853788694,-0.9780692846518195,0.09
C1072,This is the best government in history. Clean sweep in next elections! #PropagandaCampaign,46,9.12,0.615,25.02,1,this is the best government in history clean sweep in next elections #propagandacampaign,0.0240128068303095,0.4256770026579389,0.615
C1073,"Haha that is so funny, thanks for making my day!",606,0.21,0.132,14.46,0,haha that is so funny thanks for making my day,0.3228388473852722,-0.9780692846518195,0.132
C1074,Struggling with coding errors all day... need a break lol. 😊,796,0.59,0.331,10.29,0,struggling with coding errors all day need a break lol,0.42422625400213454,-0.9182013172918074,0.331
C1075,THE TRUTH HAS BEEN EXPOSED! WATCH THIS VIDEO BEFORE IT GETS DELETED!!! #ALERT,124,8.11,0.918,18.78,1,the truth has been exposed watch this video before it gets deleted #alert,0.0656350053361793,0.2665542473063277,0.918
C1076,Does anyone know if the local train is running on schedule today? 👍,356,0.11,0.343,11.2,0,does anyone know if the local train is running on schedule today,0.18943436499466382,-0.9938240129044542,0.343
C1077,"Worst brand ever! Total scam, do not buy their products! SCAMMER!!",24,15.75,0.514,41.69,1,worst brand ever total scam do not buy their products scammer,0.012273212379935967,1.4702154858076248,0.514
C1078,CLICK HERE TO EARN $500 DAILY WORKING FROM HOME! 100% REAL LINK IN BIO!!! #ALERT,66,10.78,0.888,30.68,1,click here to earn daily working from home real link in bio #alert,0.03468516542155817,0.6872054916516762,0.888
C1079,Unbelievable development! Best leader of all time! Truly visionary leadership!,99,12.73,0.5,33.59,1,unbelievable development best leader of all time truly visionary leadership,0.052294557097118465,0.9944226925780545,0.5
C1080,"Honestly, I think the movie was slightly overrated, but the acting was top tier.",897,0.17,0.051,7.15,0,honestly i think the movie was slightly overrated but the acting was top tier,0.4781216648879403,-0.9843711759528734,0.051
C1081,"Worst brand ever! Total scam, do not buy their products! SCAMMER!!",16,8.82,0.818,25.63,1,worst brand ever total scam do not buy their products scammer,0.0080042689434365,0.3784128179000347,0.818
C1082,Does anyone know if the local train is running on schedule today?,330,0.05,0.157,9.1,0,does anyone know if the local train is running on schedule today,0.17556029882604055,-1.0032768498560352,0.157
C1083,CLICK HERE TO EARN $500 DAILY WORKING FROM HOME! 100% REAL LINK IN BIO!!!,11,10.97,0.896,26.3,1,click here to earn daily working from home real link in bio,0.005336179295624333,0.7171394753316824,0.896
C1084,Can someone explain how to solve the 3rd question in the ML assignment?,818,0.67,0.336,9.59,0,can someone explain how to solve the rd question in the ml assignment,0.4359658484525081,-0.9055975346896995,0.336
C1085,"This recipe looks delicious, definitely trying it out this Sunday! haha",929,0.05,0.0,16.22,0,this recipe looks delicious definitely trying it out this sunday haha,0.49519743863393817,-1.0032768498560352,0.0
C1086,Boycott this movie! It hurts community sentiments! #BoycottTrending,6,22.05,0.795,60.56,1,boycott this movie it hurts community sentiments #boycotttrending,0.002668089647812167,2.4627633657236156,0.795
C1087,This is the best government in history. Clean sweep in next elections! #PropagandaCampaign #ALERT,36,5.92,0.833,18.03,1,this is the best government in history clean sweep in next elections #propagandacampaign #alert,0.018676627534685165,-0.07847430142637382,0.833
C1088,"I don't agree with your opinion, but I appreciate the respectful debate here. haha",171,0.91,0.089,14.52,0,i dont agree with your opinion but i appreciate the respectful debate here haha,0.09071504802561367,-0.867786186883376,0.089
C1089,"This recipe looks delicious, definitely trying it out this Sunday!",174,0.15,0.294,10.26,0,this recipe looks delicious definitely trying it out this sunday,0.09231590181430097,-0.9875221216034004,0.294
C1090,Boycott this movie! It hurts community sentiments! #BoycottTrending,20,13.42,0.964,40.77,1,boycott this movie it hurts community sentiments #boycotttrending,0.010138740661686232,1.1031303175212344,0.964
C1091,THE TRUTH HAS BEEN EXPOSED! WATCH THIS VIDEO BEFORE IT GETS DELETED!!!,9,9.81,0.803,24.45,1,the truth has been exposed watch this video before it gets deleted,0.004268943436499467,0.534384627601119,0.803
C1092,"Honestly, I think the movie was slightly overrated, but the acting was top tier.",865,1.16,0.199,11.71,0,honestly i think the movie was slightly overrated but the acting was top tier,0.46104589114194244,-0.8283993662517891,0.199
C1093,SUPPORT #LEADER2026 NOW! SHARE THIS MESSAGE TO 10 GROUPS NOW!!!,26,16.23,0.824,49.17,1,support #leader now share this message to groups now,0.013340448239060833,1.5458381814202717,0.824
C1094,What a great performance by the team. Very happy with the result.,1048,0.27,0.126,1.0,0,what a great performance by the team very happy with the result,0.5586979722518677,-0.9686164477002386,0.126
C1095,Follow my account for free premium tips and tricks. Guaranteed success! #ALERT,61,8.39,0.891,22.05,1,follow my account for free premium tips and tricks guaranteed success #alert,0.032017075773746,0.31066748641370523,0.891
C1096,"This recipe looks delicious, definitely trying it out this Sunday!",776,0.65,0.179,2.02,0,this recipe looks delicious definitely trying it out this sunday,0.41355389541088583,-0.9087484803402265,0.179
C1097,This channel is biased and spreading fake propaganda. Ban them! #MUSTWATCH,35,15.76,0.692,37.93,1,this channel is biased and spreading fake propaganda ban them #mustwatch,0.01814300960512273,1.471790958632888,0.692
C1098,"Honestly, I think the movie was slightly overrated, but the acting was top tier. ...",311,0.47,0.0,6.97,0,honestly i think the movie was slightly overrated but the acting was top tier,0.16542155816435433,-0.9371069911949691,0.0
C1099,Can someone explain how to solve the 3rd question in the ML assignment? 👍,565,0.1,0.0,13.45,0,can someone explain how to solve the rd question in the ml assignment,0.3009605122732124,-0.9953994857297178,0.0
C1100,I absolutely love this new update! The UI looks clean and crisp.,818,0.73,0.039,15.8,0,i absolutely love this new update the ui looks clean and crisp,0.4359658484525081,-0.8961446977381188,0.039
C1101,CLICK HERE TO EARN $500 DAILY WORKING FROM HOME! 100% REAL LINK IN BIO!!! #JOINNOW,3,18.12,0.745,50.71,1,click here to earn daily working from home real link in bio #joinnow,0.0010672358591248669,1.843602545395069,0.745
C1102,What a great performance by the team. Very happy with the result.,1403,0.68,0.201,9.85,0,what a great performance by the team very happy with the result,0.7481323372465315,-0.9040220618644361,0.201
C1103,This channel is biased and spreading fake propaganda. Ban them! #MUSTWATCH,1,11.44,0.945,32.22,1,this channel is biased and spreading fake propaganda ban them #mustwatch,0.0,0.7911866981190657,0.945
C1104,Does anyone know if the local train is running on schedule today?,663,0.33,0.038,16.07,0,does anyone know if the local train is running on schedule today,0.3532550693703309,-0.9591636107486577,0.038
C1105,Earn passive income easily. Sign up using code BOT999. Real cash!,5,20.74,0.682,54.22,1,earn passive income easily sign up using code bot real cash,0.0021344717182497333,2.2563764256141,0.682
C1106,This channel is biased and spreading fake propaganda. Ban them! #JOINNOW,8,18.6,0.714,49.34,1,this channel is biased and spreading fake propaganda ban them #joinnow,0.0037353255069370334,1.9192252410077162,0.714
C1107,This is the best government in history. Clean sweep in next elections! #PropagandaCampaign,15,7.04,0.724,24.05,1,this is the best government in history clean sweep in next elections #propagandacampaign,0.007470651013874066,0.09797865500313568,0.724
C1108,The customer service was really helpful and sorted my issue in 5 minutes.,721,0.36,0.154,3.27,0,the customer service was really helpful and sorted my issue in minutes,0.38420490928495205,-0.9544371922728673,0.154
C1109,"Haha that is so funny, thanks for making my day!",997,0.62,0.109,17.03,0,haha that is so funny thanks for making my day,0.5314834578441836,-0.913474898816017,0.109
C1110,"I'm not sure if this is correct, but let's see how it goes.",349,0.84,0.165,10.32,0,im not sure if this is correct but lets see how it goes,0.18569903948772679,-0.8788144966602205,0.165
C1111,This channel is biased and spreading fake propaganda. Ban them!,1,5.12,0.69,20.89,1,this channel is biased and spreading fake propaganda ban them,0.0,-0.204512127447452,0.69
C1112,Unbelievable development! Best leader of all time! Truly visionary leadership!,11,15.04,0.729,44.75,1,unbelievable development best leader of all time truly visionary leadership,0.005336179295624333,1.3583569152139177,0.729
C1113,SUPPORT THIS LEADER FOR BETTER FUTURE! DO NOT TRUST THE OPPOSITION!! #Victory2026,18,15.73,0.932,46.68,1,support this leader for better future do not trust the opposition #victory,0.009071504802561366,1.4670645401570979,0.932
C1114,"Worst brand ever! Total scam, do not buy their products! SCAMMER!! #JOINNOW",74,18.42,0.857,45.41,1,worst brand ever total scam do not buy their products scammer #joinnow,0.03895410885805763,1.8908667301529736,0.857
C1115,SUPPORT THIS LEADER FOR BETTER FUTURE! DO NOT TRUST THE OPPOSITION!! #Victory2026,26,11.2,0.588,34.28,1,support this leader for better future do not trust the opposition #victory,0.013340448239060833,0.7533753503127423,0.588
C1116,This is completely fake! Stop spreading negative rumors immediately!,66,4.78,1.0,16.73,1,this is completely fake stop spreading negative rumors immediately,0.03468516542155817,-0.2580782035064102,1.0
C1117,This channel is biased and spreading fake propaganda. Ban them!,22,4.14,0.79,14.3,1,this channel is biased and spreading fake propaganda ban them,0.011205976520811099,-0.3589084643232729,0.79
C1118,SUPPORT THIS LEADER FOR BETTER FUTURE! DO NOT TRUST THE OPPOSITION!! #Victory2026,12,6.62,0.77,15.93,1,support this leader for better future do not trust the opposition #victory,0.005869797225186767,0.031808796342069644,0.77
C1119,Don't listen to this fake news! The truth is hidden by mainstream media!,5,9.59,0.838,30.67,1,dont listen to this fake news the truth is hidden by mainstream media,0.0021344717182497333,0.49972422544532247,0.838
C1120,Earn passive income easily. Sign up using code BOT999. Real cash! #MUSTWATCH,44,14.33,0.837,36.15,1,earn passive income easily sign up using code bot real cash #mustwatch,0.02294557097118463,1.246498344620211,0.837
C1121,Can someone explain how to solve the 3rd question in the ML assignment?,910,0.86,0.09,22.49,0,can someone explain how to solve the rd question in the ml assignment,0.48505869797225193,-0.8756635510096934,0.09
C1122,SUPPORT #LEADER2026 NOW! SHARE THIS MESSAGE TO 10 GROUPS NOW!!! #ALERT,23,12.39,0.761,34.45,1,support #leader now share this message to groups now #alert,0.011739594450373533,0.9408566165190962,0.761
C1123,THE TRUTH HAS BEEN EXPOSED! WATCH THIS VIDEO BEFORE IT GETS DELETED!!! #MUSTWATCH,11,8.78,0.669,26.81,1,the truth has been exposed watch this video before it gets deleted #mustwatch,0.005336179295624333,0.3721109265989807,0.669
C1124,CLICK HERE TO EARN $500 DAILY WORKING FROM HOME! 100% REAL LINK IN BIO!!! #ALERT,36,10.0,0.853,28.44,1,click here to earn daily working from home real link in bio #alert,0.018676627534685165,0.564318611281125,0.853
C1125,SUPPORT #LEADER2026 NOW! SHARE THIS MESSAGE TO 10 GROUPS NOW!!!,19,16.22,0.835,42.27,1,support #leader now share this message to groups now,0.0096051227321238,1.544262708595008,0.835
C1126,Earn passive income easily. Sign up using code BOT999. Real cash!,61,13.7,0.933,34.98,1,earn passive income easily sign up using code bot real cash,0.032017075773746,1.1472435566286117,0.933
C1127,"Honestly, I think the movie was slightly overrated, but the acting was top tier.",553,0.67,0.135,17.61,0,honestly i think the movie was slightly overrated but the acting was top tier,0.29455709711846323,-0.9055975346896995,0.135
C1128,"Worst brand ever! Total scam, do not buy their products! SCAMMER!! #JOINNOW",38,13.48,0.839,35.2,1,worst brand ever total scam do not buy their products scammer #joinnow,0.019743863393810034,1.1125831544728153,0.839
C1129,Can someone explain how to solve the 3rd question in the ML assignment?,1135,0.09,0.06,7.18,0,can someone explain how to solve the rd question in the ml assignment,0.6051227321237994,-0.9969749585549813,0.06
C1130,What a great performance by the team. Very happy with the result.,1232,0.78,0.199,17.36,0,what a great performance by the team very happy with the result,0.6568836712913555,-0.8882673336118012,0.199
C1131,"This recipe looks delicious, definitely trying it out this Sunday!",448,0.6,0.137,16.23,0,this recipe looks delicious definitely trying it out this sunday,0.2385272145144077,-0.9166258444665439,0.137
C1132,This is completely fake! Stop spreading negative rumors immediately!,2,16.33,0.745,44.61,1,this is completely fake stop spreading negative rumors immediately,0.0005336179295624333,1.5615929096729062,0.745
C1133,Earn passive income easily. Sign up using code BOT999. Real cash!,2,19.39,0.673,45.88,1,earn passive income easily sign up using code bot real cash,0.0005336179295624333,2.0436875942035306,0.673
C1134,Unbelievable development! Best leader of all time! Truly visionary leadership! #JOINNOW,80,6.44,0.925,14.86,1,unbelievable development best leader of all time truly visionary leadership #joinnow,0.04215581643543223,0.0034502854873270906,0.925
C1135,Beautiful weather today. Going out for a cup of coffee.,817,0.48,0.173,1.04,0,beautiful weather today going out for a cup of coffee,0.4354322305229456,-0.9355315183697057,0.173
C1136,"Worst brand ever! Total scam, do not buy their products! SCAMMER!! #ALERT",35,10.66,0.951,32.74,1,worst brand ever total scam do not buy their products scammer #alert,0.01814300960512273,0.6682998177485145,0.951
C1137,AMAZING OFFER! GET FREE CRYPTO NOW! CLICK LINK BELOW!!!,10,8.95,0.755,25.91,1,amazing offer get free crypto now click link below,0.0048025613660619,0.3988939646284598,0.755
C1138,This is completely fake! Stop spreading negative rumors immediately! #MUSTWATCH,28,12.44,0.586,28.01,1,this is completely fake stop spreading negative rumors immediately #mustwatch,0.0144076840981857,0.9487339806454135,0.586
C1139,SUPPORT THIS LEADER FOR BETTER FUTURE! DO NOT TRUST THE OPPOSITION!! #Victory2026,3,15.98,0.864,43.4,1,support this leader for better future do not trust the opposition #victory,0.0010672358591248669,1.506451360788685,0.864
C1140,What a great performance by the team. Very happy with the result.,194,0.59,0.0,10.94,0,what a great performance by the team very happy with the result,0.10298826040554963,-0.9182013172918074,0.0
C1141,What a great performance by the team. Very happy with the result.,1271,0.68,0.0,13.0,0,what a great performance by the team very happy with the result,0.6776947705442904,-0.9040220618644361,0.0
C1142,Just finished reading this book. Highly recommend it to everyone.,672,0.12,0.184,9.54,0,just finished reading this book highly recommend it to everyone,0.3580576307363928,-0.9922485400791908,0.184
C1143,Follow my account for free premium tips and tricks. Guaranteed success!,2,10.06,0.938,30.94,1,follow my account for free premium tips and tricks guaranteed success,0.0005336179295624333,0.573771448232706,0.938
C1144,"This recipe looks delicious, definitely trying it out this Sunday! 👍",1307,0.59,0.034,5.33,0,this recipe looks delicious definitely trying it out this sunday,0.6969050160085379,-0.9182013172918074,0.034
C1145,Beautiful weather today. Going out for a cup of coffee.,179,0.7,0.269,21.25,0,beautiful weather today going out for a cup of coffee,0.09498399146211314,-0.900871116213909,0.269
C1146,This is completely fake! Stop spreading negative rumors immediately! #JOINNOW,41,7.77,0.876,19.77,1,this is completely fake stop spreading negative rumors immediately #joinnow,0.021344717182497332,0.2129881712473695,0.876
C1147,This person is a traitor! Stop spreading lies about our great country! #ALERT,5,10.63,0.902,32.58,1,this person is a traitor stop spreading lies about our great country #alert,0.0021344717182497333,0.6635733992727243,0.902
C1148,Don't listen to this fake news! The truth is hidden by mainstream media!,99,7.41,0.856,24.18,1,dont listen to this fake news the truth is hidden by mainstream media,0.052294557097118465,0.15627114953788437,0.856
C1149,Unbelievable development! Best leader of all time! Truly visionary leadership!,46,16.97,0.901,46.67,1,unbelievable development best leader of all time truly visionary leadership,0.0240128068303095,1.662423170489769,0.901
C1150,THE TRUTH HAS BEEN EXPOSED! WATCH THIS VIDEO BEFORE IT GETS DELETED!!!,2,14.55,0.854,43.97,1,the truth has been exposed watch this video before it gets deleted,0.0005336179295624333,1.2811587467760075,0.854
C1151,Follow my account for free premium tips and tricks. Guaranteed success! #JOINNOW,12,6.53,0.657,21.58,1,follow my account for free premium tips and tricks guaranteed success #joinnow,0.005869797225186767,0.017629540914698365,0.657
C1152,Don't listen to this fake news! The truth is hidden by mainstream media! #ALERT,38,9.86,0.722,30.34,1,dont listen to this fake news the truth is hidden by mainstream media #alert,0.019743863393810034,0.5422619917274363,0.722
C1153,"I don't agree with your opinion, but I appreciate the respectful debate here. haha",795,0.36,0.113,12.02,0,i dont agree with your opinion but i appreciate the respectful debate here haha,0.42369263607257207,-0.9544371922728673,0.113
C1154,Don't listen to this fake news! The truth is hidden by mainstream media! #JOINNOW,73,18.49,0.847,44.7,1,dont listen to this fake news the truth is hidden by mainstream media #joinnow,0.0384204909284952,1.9018950399298173,0.847
C1155,CLICK HERE TO EARN $500 DAILY WORKING FROM HOME! 100% REAL LINK IN BIO!!!,8,13.89,0.694,43.73,1,click here to earn daily working from home real link in bio,0.0037353255069370334,1.177177540308618,0.694
C1156,"Haha that is so funny, thanks for making my day!",1015,0.35,0.0,13.15,0,haha that is so funny thanks for making my day,0.5410885805763074,-0.9560126650981309,0.0
C1157,Unbelievable development! Best leader of all time! Truly visionary leadership!,11,11.82,0.685,29.94,1,unbelievable development best leader of all time truly visionary leadership,0.005336179295624333,0.851054665479078,0.685
C1158,"Wow, that sunset is gorgeous! Thanks for sharing the photo.",166,0.62,0.129,13.9,0,wow that sunset is gorgeous thanks for sharing the photo,0.0880469583778015,-0.913474898816017,0.129
C1159,Don't listen to this fake news! The truth is hidden by mainstream media!,68,13.17,0.711,34.38,1,dont listen to this fake news the truth is hidden by mainstream media,0.035752401280683035,1.0637434968896475,0.711
C1160,This person is a traitor! Stop spreading lies about our great country!,88,13.96,0.658,38.67,1,this person is a traitor stop spreading lies about our great country,0.046424759871931696,1.1882058500854622,0.658
C1161,The customer service was really helpful and sorted my issue in 5 minutes. !!,564,0.22,0.132,7.44,0,the customer service was really helpful and sorted my issue in minutes,0.30042689434365,-0.976493811826556,0.132
C1162,"I don't agree with your opinion, but I appreciate the respectful debate here. 👍",633,0.6,0.185,7.51,0,i dont agree with your opinion but i appreciate the respectful debate here,0.3372465314834579,-0.9166258444665439,0.185
C1163,This channel is biased and spreading fake propaganda. Ban them! #ALERT,7,17.39,0.649,54.04,1,this channel is biased and spreading fake propaganda ban them #alert,0.0032017075773746,1.7285930291508351,0.649
C1164,Earn passive income easily. Sign up using code BOT999. Real cash!,35,13.66,0.633,39.69,1,earn passive income easily sign up using code bot real cash,0.01814300960512273,1.140941665327558,0.633
C1165,That match last night was insane! What a finish in the last minute.,778,0.33,0.167,16.73,0,that match last night was insane what a finish in the last minute,0.4146211312700107,-0.9591636107486577,0.167
C1166,"Wow, that sunset is gorgeous! Thanks for sharing the photo.",1000,0.24,0.224,8.81,0,wow that sunset is gorgeous thanks for sharing the photo,0.533084311632871,-0.973342866176029,0.224
C1167,Just finished reading this book. Highly recommend it to everyone. 😊,886,0.41,0.128,15.83,0,just finished reading this book highly recommend it to everyone,0.4722518676627535,-0.9465598281465499,0.128
C1168,"I don't agree with your opinion, but I appreciate the respectful debate here.",383,1.08,0.0,9.01,0,i dont agree with your opinion but i appreciate the respectful debate here,0.20384204909284953,-0.8410031488538969,0.0
C1169,This person is a traitor! Stop spreading lies about our great country! #ALERT,44,12.53,0.786,31.47,1,this person is a traitor stop spreading lies about our great country #alert,0.02294557097118463,0.9629132360727848,0.786
C1170,Don't listen to this fake news! The truth is hidden by mainstream media!,3,15.41,0.849,42.68,1,dont listen to this fake news the truth is hidden by mainstream media,0.0010672358591248669,1.4166494097486666,0.849
C1171,Earn passive income easily. Sign up using code BOT999. Real cash!,31,8.16,0.905,28.2,1,earn passive income easily sign up using code bot real cash,0.016008537886873,0.2744316114326452,0.905
C1172,What a great performance by the team. Very happy with the result.,229,0.58,0.12,15.5,0,what a great performance by the team very happy with the result,0.1216648879402348,-0.9197767901170708,0.12
C1173,"This recipe looks delicious, definitely trying it out this Sunday! !!",313,0.99,0.0,10.78,0,this recipe looks delicious definitely trying it out this sunday,0.1664887940234792,-0.8551824042812682,0.0
C1174,What a great performance by the team. Very happy with the result.,973,0.29,0.066,13.11,0,what a great performance by the team very happy with the result,0.5186766275346852,-0.9654655020497117,0.066
C1175,This person is a traitor! Stop spreading lies about our great country!,75,12.31,0.974,32.07,1,this person is a traitor stop spreading lies about our great country,0.03948772678762007,0.9282528339169884,0.974
C1176,Can someone explain how to solve the 3rd question in the ML assignment? haha,561,0.41,0.231,9.08,0,can someone explain how to solve the rd question in the ml assignment haha,0.2988260405549627,-0.9465598281465499,0.231
C1177,THE TRUTH HAS BEEN EXPOSED! WATCH THIS VIDEO BEFORE IT GETS DELETED!!! #ALERT,15,10.98,0.72,31.78,1,the truth has been exposed watch this video before it gets deleted #alert,0.007470651013874066,0.7187149481569459,0.72
C1178,"I don't agree with your opinion, but I appreciate the respectful debate here. 👍",841,0.14,0.12,10.31,0,i dont agree with your opinion but i appreciate the respectful debate here,0.448239060832444,-0.9890975944286639,0.12
C1179,"This recipe looks delicious, definitely trying it out this Sunday!",731,0.72,0.164,18.14,0,this recipe looks delicious definitely trying it out this sunday,0.38954108858057634,-0.8977201705633822,0.164
C1180,"I don't agree with your opinion, but I appreciate the respectful debate here.",795,1.03,0.104,8.15,0,i dont agree with your opinion but i appreciate the respectful debate here,0.42369263607257207,-0.8488805129802143,0.104
C1181,"This recipe looks delicious, definitely trying it out this Sunday!",1018,0.91,0.012,11.02,0,this recipe looks delicious definitely trying it out this sunday,0.5426894343649947,-0.867786186883376,0.012
C1182,The customer service was really helpful and sorted my issue in 5 minutes. ...,555,0.54,0.151,18.73,0,the customer service was really helpful and sorted my issue in minutes,0.2956243329775881,-0.9260786814181248,0.151
C1183,Can someone explain how to solve the 3rd question in the ML assignment?,756,0.91,0.118,16.63,0,can someone explain how to solve the rd question in the ml assignment,0.4028815368196372,-0.867786186883376,0.118
C1184,This person is a traitor! Stop spreading lies about our great country!,16,12.91,0.996,40.41,1,this person is a traitor stop spreading lies about our great country,0.0080042689434365,1.022781203432797,0.996
C1185,This person is a traitor! Stop spreading lies about our great country!,17,9.07,0.72,24.2,1,this person is a traitor stop spreading lies about our great country,0.008537886872998933,0.41779963853162166,0.72
C1186,"Wow, that sunset is gorgeous! Thanks for sharing the photo.",1259,0.12,0.152,10.67,0,wow that sunset is gorgeous thanks for sharing the photo,0.6712913553895411,-0.9922485400791908,0.152
C1187,"Haha that is so funny, thanks for making my day!",1214,0.33,0.192,6.14,0,haha that is so funny thanks for making my day,0.6472785485592316,-0.9591636107486577,0.192
C1188,I absolutely love this new update! The UI looks clean and crisp.,1709,0.43,0.151,20.27,0,i absolutely love this new update the ui looks clean and crisp,0.9114194236926362,-0.9434088824960231,0.151
C1189,Beautiful weather today. Going out for a cup of coffee.,565,1.0,0.109,15.36,0,beautiful weather today going out for a cup of coffee,0.3009605122732124,-0.8536069314560047,0.109
C1190,Don't listen to this fake news! The truth is hidden by mainstream media!,27,9.71,0.72,25.73,1,dont listen to this fake news the truth is hidden by mainstream media,0.013874066168623266,0.5186298993484844,0.72
C1191,Follow my account for free premium tips and tricks. Guaranteed success!,30,10.77,0.944,32.23,1,follow my account for free premium tips and tricks guaranteed success,0.015474919957310564,0.6856300188264127,0.944
C1192,"Honestly, I think the movie was slightly overrated, but the acting was top tier. haha",641,0.32,0.345,4.77,0,honestly i think the movie was slightly overrated but the acting was top tier haha,0.3415154749199574,-0.9607390835739212,0.345
C1193,Boycott this movie! It hurts community sentiments! #BoycottTrending #JOINNOW,30,11.76,0.558,24.4,1,boycott this movie it hurts community sentiments #boycotttrending #joinnow,0.015474919957310564,0.8416018285274971,0.558
C1194,This person is a traitor! Stop spreading lies about our great country! #MUSTWATCH,26,18.99,0.753,50.47,1,this person is a traitor stop spreading lies about our great country #mustwatch,0.013340448239060833,1.9806686811929912,0.753
C1195,This channel is biased and spreading fake propaganda. Ban them!,7,22.55,0.606,60.34,1,this channel is biased and spreading fake propaganda ban them,0.0032017075773746,2.5415370069867897,0.606
C1196,Can someone explain how to solve the 3rd question in the ML assignment? ...,700,0.69,0.155,15.12,0,can someone explain how to solve the rd question in the ml assignment,0.3729989327641409,-0.9024465890391725,0.155
C1197,Beautiful weather today. Going out for a cup of coffee.,1081,1.15,0.118,7.29,0,beautiful weather today going out for a cup of coffee,0.576307363927428,-0.8299748390770527,0.118
C1198,Beautiful weather today. Going out for a cup of coffee. !!,898,0.26,0.298,10.58,0,beautiful weather today going out for a cup of coffee,0.4786552828175027,-0.9701919205255022,0.298
C1199,"Honestly, I think the movie was slightly overrated, but the acting was top tier.",573,0.36,0.222,11.21,0,honestly i think the movie was slightly overrated but the acting was top tier,0.3052294557097119,-0.9544371922728673,0.222
C1200,Does anyone know if the local train is running on schedule today? haha,543,1.0,0.064,12.18,0,does anyone know if the local train is running on schedule today haha,0.2892209178228389,-0.8536069314560047,0.064
